,count,mean,std,min,25%,50%,75%,max
age,10000.0,42.8449,12.351425009284394,22.0,32.0,43.0,54.0,64.0
monthly_income,10000.0,35232.5054,19828.30778395192,8000.0,21358.5,30729.0,44039.25,208625.0
monthly_expenses,10000.0,22818.495,11704.687334932782,2190.0,14823.0,21543.0,28610.5,117369.0
monthly_savings,10000.0,9610.8869,13595.892297427363,-51578.0,719.25,8460.5,16570.75,101812.0
savings_rate,10000.0,0.19411006941872277,0.4192572158032465,-5.429625,0.02642919630405165,0.27255361356569324,0.4760285931369844,0.7856792165172227
emi_ratio,10000.0,0.07938105924084592,0.111723085412663,0.0,0.0,0.0,0.1585177263229871,0.3499173382930357
rent_burden,10000.0,0.31285005936589394,0.39726222179161,0.0,0.0,0.2368490898084095,0.456013594330527,6.0615
net_worth,10000.0,909713.1837,944973.1865515525,-4531215.0,309721.0,722977.5,1325720.0,11443123.0
assets,10000.0,1109271.2987,922606.1155584366,31151.0,448202.0,873031.0,1489975.0,11443123.0
liabilities,10000.0,199558.115,425110.7201637575,0.0,0.0,0.0,224693.0,5569200.0
investments,10000.0,351849.1251,302692.0975062483,4.0,132265.5,275365.5,482225.0,2797199.0
goal_amount,10000.0,3745869.6736,3009186.347967601,100532.0,1583399.75,2980509.0,5007615.25,27937955.0
goal_horizon_years,10000.0,10.0746,5.5050944993292035,1.0,5.0,10.0,15.0,19.0
future_goal_cost,10000.0,6341225.769658456,5477576.53494107,110836.53,2523382.970313154,4806343.2725371495,8442248.750872701,50172553.2228716
