City,cost_one_person_usd,rent_one_person_usd,monthly_salary_after_tax_usd,income_after_rent_usd,months_covered,cost_one_person_inr,rent_one_person_inr,monthly_salary_after_tax_inr,income_after_rent_inr,usd_to_inr_rate_used,source_url,city_key,gdp_nominal_inr_billion,ua_population_lakhs,eol_score
 Adoni,346,132.0,329,197.0,0.9,30400.87,11598.02,28907.19,17309.17,87.8638,https://livingcost.org/cost/india/ap/adoni,adoni,,,
 Anantapur,345,136.0,571,435.0,1.7,30313.01,11949.48,50170.23,38220.75,87.8638,https://livingcost.org/cost/india/ap/anantapur,anantapur,,,
 Chirala,295,102.0,555,453.0,1.8,25919.82,8962.11,48764.41,39802.3,87.8638,https://livingcost.org/cost/india/ap/chirala,chirala,,,
 Chittoor,400,81.5,404,322.5,1.4,35145.52,7160.9,35496.98,28336.08,87.8638,https://livingcost.org/cost/india/ap/chittoor,chittoor,,,
 Eluru,298,89.2,384,294.8,1.3,26183.41,7837.45,33739.7,25902.25,87.8638,https://livingcost.org/cost/india/ap/eluru,eluru,,,
 Guntur,277,80.8,257,176.2,0.9,24338.27,7099.4,22581.0,15481.6,87.8638,https://livingcost.org/cost/india/ap/guntur,guntur,,,
 Hindupur,470,131.0,433,302.0,1.3,41295.99,11510.16,38045.03,26534.87,87.8638,https://livingcost.org/cost/india/ap/hindupur,hindupur,,,
 Kadapa,333,144.0,223,79.0,0.6,29258.65,12652.39,19593.63,6941.24,87.8638,https://livingcost.org/cost/india/ap/kadapa,kadapa,,,
 Kakinada,363,84.4,398,313.6,1.4,31894.56,7415.7,34969.79,27554.09,87.8638,https://livingcost.org/cost/india/ap/kakinada,kakinada,,,
 Kurnool,290,128.0,633,505.0,1.8,25480.5,11246.57,55617.79,44371.22,87.8638,https://livingcost.org/cost/india/ap/kurnool,kurnool,,,
 Machilipatnam,445,90.1,227,136.9,0.7,39099.39,7916.53,19945.08,12028.55,87.8638,https://livingcost.org/cost/india/ap/machilipatnam,machilipatnam,,,
 Madanapalle,356,115.0,416,301.0,1.3,31279.51,10104.34,36551.34,26447.0,87.8638,https://livingcost.org/cost/india/ap/madanapalle,madanapalle,,,
 Nandyal,328,132.0,490,358.0,1.4,28819.33,11598.02,43053.26,31455.24,87.8638,https://livingcost.org/cost/india/ap/nandyal,nandyal,,,
 Nellore,251,302.0,418,116.0,0.8,22053.81,26534.87,36727.07,10192.2,87.8638,https://livingcost.org/cost/india/ap/nellore,nellore,,,
 Ongole,334,125.0,494,369.0,1.5,29346.51,10982.98,43404.72,32421.74,87.8638,https://livingcost.org/cost/india/ap/ongole,ongole,,,
 Proddatur,301,146.0,485,339.0,1.3,26447.0,12828.11,42613.94,29785.83,87.8638,https://livingcost.org/cost/india/ap/proddatur,proddatur,,,
 Rajahmundry,301,105.0,390,285.0,1.3,26447.0,9225.7,34266.88,25041.18,87.8638,https://livingcost.org/cost/india/ap/rajahmundry,rajahmundry,,,
 Tenali,290,92.7,524,431.3,1.8,25480.5,8144.97,46040.63,37895.66,87.8638,https://livingcost.org/cost/india/ap/tenali,tenali,,,
 Tirupati,301,121.0,223,102.0,0.7,26447.0,10631.52,19593.63,8962.11,87.8638,https://livingcost.org/cost/india/ap/tirupati,tirupati,,,
 Vijayawada,333,106.0,550,444.0,1.6,29258.65,9313.56,48325.09,39011.53,87.8638,https://livingcost.org/cost/india/ap/vijayawada,vijayawada,,,
 Visakhapatnam,310,111.0,222,111.0,0.6,27237.78,9752.88,19505.76,9752.88,87.8638,https://livingcost.org/cost/india/ap/visakhapatnam,visakhapatnam,1740.5,27.13,
 Vizianagaram,255,78.9,442,363.1,1.7,22405.27,6932.45,38835.8,31903.35,87.8638,https://livingcost.org/cost/india/ap/vizianagaram,vizianagaram,,,
 Dibrugarh,402,138.0,316,178.0,0.8,35321.25,12125.2,27764.96,15639.76,87.8638,https://livingcost.org/cost/india/as/dibrugarh,dibrugarh,,,
 Dispur,338,111.0,393,282.0,1.2,29697.96,9752.88,34530.47,24777.59,87.8638,https://livingcost.org/cost/india/as/dispur,dispur,,,
 Guwahati,348,110.0,354,244.0,1.0,30576.6,9665.02,31103.79,21438.77,87.8638,https://livingcost.org/cost/india/as/guwahati,guwahati,,,
 Bhagalpur,257,59.7,311,251.3,1.2,22581.0,5245.47,27325.64,22080.17,87.8638,https://livingcost.org/cost/india/br/bhagalpur,bhagalpur,,,
 Gaya,297,99.1,401,301.9,1.4,26095.55,8707.3,35233.38,26526.08,87.8638,https://livingcost.org/cost/india/br/gaya,gaya,,,
 Muzaffarpur,350,90.7,339,248.3,1.2,30752.33,7969.25,29785.83,21816.58,87.8638,https://livingcost.org/cost/india/br/muzaffarpur,muzaffarpur,,,
 Patna,320,103.0,313,210.0,1.0,28116.42,9049.97,27501.37,18451.4,87.8638,https://livingcost.org/cost/india/br/patna,patna,918.3,25.29,
 Purnia,284,85.9,289,203.1,1.0,24953.32,7547.5,25392.64,17845.14,87.8638,https://livingcost.org/cost/india/br/purnia,purnia,,,
 Saharsa,350,85.6,306,220.4,1.1,30752.33,7521.14,26886.32,19365.18,87.8638,https://livingcost.org/cost/india/br/saharsa,saharsa,,,
 Bhilai,320,85.3,361,275.7,1.2,28116.42,7494.78,31718.83,24224.05,87.8638,https://livingcost.org/cost/india/ct/bhilai,bhilai,,,
 Bilaspur,301,138.0,357,219.0,1.0,26447.0,12125.2,31367.38,19242.17,87.8638,https://livingcost.org/cost/india/ct/bilaspur,bilaspur,,,
 Durg,361,131.0,355,224.0,1.0,31718.83,11510.16,31191.65,19681.49,87.8638,https://livingcost.org/cost/india/ct/durg,durg,,,
 Raipur,445,164.0,340,176.0,0.8,39099.39,14409.66,29873.69,15464.03,87.8638,https://livingcost.org/cost/india/ct/raipur,raipur,,,
 Margao,349,187.0,205,18.0,0.5,30664.47,16430.53,18012.08,1581.55,87.8638,https://livingcost.org/cost/india/ga/margao,margao,,,
 Mormugao,476,233.0,203,-30.0,0.4,41823.17,20472.27,17836.35,-2635.91,87.8638,https://livingcost.org/cost/india/ga/mormugao,mormugao,,,
 Panjim,368,160.0,203,43.0,0.5,32333.88,14058.21,17836.35,3778.14,87.8638,https://livingcost.org/cost/india/ga/panjim,panjim,,,
 Ahmedabad,442,159.0,310,151.0,0.7,38835.8,13970.34,27237.78,13267.43,87.8638,https://livingcost.org/cost/india/gj/ahmedabad,ahmedabad,5001.76,84.5,64.87
 Bhavnagar,382,93.9,274,180.1,0.9,33563.97,8250.41,24074.68,15824.27,87.8638,https://livingcost.org/cost/india/gj/bhavnagar,bhavnagar,,,
 Bhuj,382,81.0,272,191.0,0.9,33563.97,7116.97,23898.95,16781.99,87.8638,https://livingcost.org/cost/india/gj/bhuj,bhuj,,,
 Gandhinagar,382,175.0,421,246.0,1.0,33563.97,15376.16,36990.66,21614.49,87.8638,https://livingcost.org/cost/india/gj/gandhinagar,gandhinagar,,,
 Godhra,366,147.0,365,218.0,1.0,32158.15,12915.98,32070.29,19154.31,87.8638,https://livingcost.org/cost/india/gj/godhra,godhra,,,
 Mehsana,382,155.0,277,122.0,0.7,33563.97,13618.89,24338.27,10719.38,87.8638,https://livingcost.org/cost/india/gj/mehsana,mehsana,,,
 Nadiad,382,148.0,396,248.0,1.1,33563.97,13003.84,34794.06,21790.22,87.8638,https://livingcost.org/cost/india/gj/nadiad,nadiad,,,
 Navsari,278,72.7,280,207.3,1.0,24426.14,6387.7,24601.86,18214.17,87.8638,https://livingcost.org/cost/india/gj/navsari,navsari,,,
 Porbandar,330,125.0,271,146.0,0.8,28995.05,10982.98,23811.09,12828.11,87.8638,https://livingcost.org/cost/india/gj/porbandar,porbandar,,,
 Rajkot,324,104.0,216,112.0,0.7,28467.87,9137.84,18978.58,9840.75,87.8638,https://livingcost.org/cost/india/gj/rajkot,rajkot,1163.76,19.89,
 Surat,322,458.0,271,-187.0,0.4,28292.14,40241.62,23811.09,-16430.53,87.8638,https://livingcost.org/cost/india/gj/surat,surat,3497.27,77.84,61.73
 Vadodara,374,129.0,349,220.0,0.9,32861.06,11334.43,30664.47,19330.04,87.8638,https://livingcost.org/cost/india/gj/vadodara,vadodara,1708.06,22.77,59.24
 Shimla,427,75.8,392,316.2,1.5,37517.84,6660.08,34442.61,27782.53,87.8638,https://livingcost.org/cost/india/hp/shimla,shimla,,,
 Bhiwani,330,109.0,558,449.0,1.7,28995.05,9577.15,49028.0,39450.85,87.8638,https://livingcost.org/cost/india/hr/bhiwani,bhiwani,,,
 Delhi,489,190.0,231,41.0,0.5,42965.4,16694.12,20296.54,3602.42,87.8638,https://livingcost.org/cost/india/hr/delhi,delhi,15375.37,320.66,
 Faridabad,383,134.0,547,413.0,1.4,33651.84,11773.75,48061.5,36287.75,87.8638,https://livingcost.org/cost/india/hr/faridabad,faridabad,,,
 Gurgaon,514,215.0,463,248.0,0.9,45161.99,18890.72,40680.94,21790.22,87.8638,https://livingcost.org/cost/india/hr/gurgaon,gurgaon,,,
 Hisar,262,88.3,554,465.7,2.1,23020.32,7758.37,48676.55,40918.17,87.8638,https://livingcost.org/cost/india/hr/hisar,hisar,,,
 Rohtak,427,65.3,442,376.7,1.8,37517.84,5737.51,38835.8,33098.29,87.8638,https://livingcost.org/cost/india/hr/rohtak,rohtak,,,
 Sonipat,270,69.0,507,438.0,1.9,23723.23,6062.6,44546.95,38484.34,87.8638,https://livingcost.org/cost/india/hr/sonipat,sonipat,,,
 Chakradharpur,320,108.0,371,263.0,1.2,28116.42,9489.29,32597.47,23108.18,87.8638,https://livingcost.org/cost/india/jh/chakradharpur,chakradharpur,,,
 Dhanbad,289,75.9,356,280.1,1.2,25392.64,6668.86,31279.51,24610.65,87.8638,https://livingcost.org/cost/india/jh/dhanbad,dhanbad,,,
 Jamshedpur,348,102.0,199,97.0,0.6,30576.6,8962.11,17484.9,8522.79,87.8638,https://livingcost.org/cost/india/jh/jamshedpur,jamshedpur,,,
 Ranchi,332,121.0,401,280.0,1.1,29170.78,10631.52,35233.38,24601.86,87.8638,https://livingcost.org/cost/india/jh/ranchi,ranchi,,,
 Baramulla,443,67.5,409,341.5,1.5,38923.66,5930.81,35936.29,30005.49,87.8638,https://livingcost.org/cost/india/jk/baramulla,baramulla,,,
 Jammu,284,91.9,408,316.1,1.4,24953.32,8074.68,35848.43,27773.75,87.8638,https://livingcost.org/cost/india/jk/jammu,jammu,,,
 Srinagar,340,99.9,211,111.1,0.6,29873.69,8777.59,18539.26,9761.67,87.8638,https://livingcost.org/cost/india/jk/srinagar,srinagar,,,
 Bangalore,463,221.0,311,90.0,0.6,40680.94,19417.9,27325.64,7907.74,87.8638,https://livingcost.org/cost/india/ka/bangalore,bangalore,9285.52,131.93,66.7
 Belgaum,463,250.0,241,-9.0,0.5,40680.94,21965.95,21175.18,-790.77,87.8638,https://livingcost.org/cost/india/ka/belgaum,belgaum,,,
 Bijapur,333,125.0,179,54.0,0.5,29258.65,10982.98,15727.62,4744.65,87.8638,https://livingcost.org/cost/india/ka/bijapur,bijapur,,,
 Davanagere,295,121.0,330,209.0,1.1,25919.82,10631.52,28995.05,18363.53,87.8638,https://livingcost.org/cost/india/ka/davanagere,davanagere,,,
 Gulbarga,303,70.5,280,209.5,1.1,26622.73,6194.4,24601.86,18407.47,87.8638,https://livingcost.org/cost/india/ka/gulbarga,gulbarga,,,
 Hospet,328,80.1,180,99.9,0.7,28819.33,7037.89,15815.48,8777.59,87.8638,https://livingcost.org/cost/india/ka/hospet,hospet,,,
 Hubli,355,127.0,389,262.0,1.1,31191.65,11158.7,34179.02,23020.32,87.8638,https://livingcost.org/cost/india/ka/hubli,hubli,,,
 Mangalore,344,161.0,215,54.0,0.5,30225.15,14146.07,18890.72,4744.65,87.8638,https://livingcost.org/cost/india/ka/mangalore,mangalore,,,
 Mysore,296,111.0,531,420.0,1.5,26007.68,9752.88,46655.68,36902.8,87.8638,https://livingcost.org/cost/india/ka/mysore,mysore,,,
 Shimoga,535,114.0,203,89.0,0.6,47007.13,10016.47,17836.35,7819.88,87.8638,https://livingcost.org/cost/india/ka/shimoga,shimoga,,,
 Tumkur,333,159.0,197,38.0,0.6,29258.65,13970.34,17309.17,3338.82,87.8638,https://livingcost.org/cost/india/ka/tumkur,tumkur,,,
 Udupi,285,93.4,244,150.6,0.9,25041.18,8206.48,21438.77,13232.29,87.8638,https://livingcost.org/cost/india/ka/udupi,udupi,,,
 Ernakulam,646,127.0,237,110.0,0.7,56760.01,11158.7,20823.72,9665.02,87.8638,https://livingcost.org/cost/india/kl/ernakulam,ernakulam,,,
 Kannur,317,108.0,255,147.0,0.8,27852.82,9489.29,22405.27,12915.98,87.8638,https://livingcost.org/cost/india/kl/kannur,kannur,,,
" Kochi, Kerala",646,134.0,337,203.0,0.9,56760.01,11773.75,29610.1,17836.35,87.8638,https://livingcost.org/cost/india/kl/kochi,"kochi, kerala",1359.98,33.01,
 Kollam,253,72.7,262,189.3,1.0,22229.54,6387.7,23020.32,16632.62,87.8638,https://livingcost.org/cost/india/kl/kollam,kollam,975.56,20.26,
 Kottayam,646,87.2,389,301.8,1.3,56760.01,7661.72,34179.02,26517.29,87.8638,https://livingcost.org/cost/india/kl/kottayam,kottayam,,,
 Kozhikode,437,96.0,245,149.0,0.8,38396.48,8434.92,21526.63,13091.71,87.8638,https://livingcost.org/cost/india/kl/kozhikode,kozhikode,862.194,39.21,
 Malappuram,463,94.6,231,136.4,0.8,40680.94,8311.92,20296.54,11984.62,87.8638,https://livingcost.org/cost/india/kl/malappuram,malappuram,895.17,38.16,
 Thiruvananthapuram,646,127.0,227,100.0,0.7,56760.01,11158.7,19945.08,8786.38,87.8638,https://livingcost.org/cost/india/kl/thiruvananthapuram,thiruvananthapuram,1006.97,27.93,
 Thrissur,646,132.0,325,193.0,0.9,56760.01,11598.02,28555.74,16957.71,87.8638,https://livingcost.org/cost/india/kl/thrissur,thrissur,1057.78,33.51,
 Varkala,308,94.4,253,158.6,0.8,27062.05,8294.34,22229.54,13935.2,87.8638,https://livingcost.org/cost/india/kl/varkala,varkala,,,
 Akola,297,99.8,366,266.2,1.2,26095.55,8768.81,32158.15,23389.34,87.8638,https://livingcost.org/cost/india/mh/akola,akola,,,
 Amravati,487,87.9,414,326.1,1.3,42789.67,7723.23,36375.61,28652.39,87.8638,https://livingcost.org/cost/india/mh/amravati,amravati,1221.74,32.85,
 Aurangabad,355,114.0,459,345.0,1.3,31191.65,10016.47,40329.48,30313.01,87.8638,https://livingcost.org/cost/india/mh/aurangabad,aurangabad,,,
 Bhiwandi,305,150.0,590,440.0,1.6,26798.46,13179.57,51839.64,38660.07,87.8638,https://livingcost.org/cost/india/mh/bhiwandi,bhiwandi,,,
 Ichalkaranji,297,99.3,243,143.7,0.8,26095.55,8724.88,21350.9,12626.03,87.8638,https://livingcost.org/cost/india/mh/ichalkaranji,ichalkaranji,,,
 Jalgaon,303,111.0,445,334.0,1.5,26622.73,9752.88,39099.39,29346.51,87.8638,https://livingcost.org/cost/india/mh/jalgaon,jalgaon,,,
 Kalyan,305,160.0,633,473.0,1.6,26798.46,14058.21,55617.79,41559.58,87.8638,https://livingcost.org/cost/india/mh/kalyan,kalyan,,,
 Kolhapur,309,93.7,276,182.3,0.9,27149.91,8232.84,24250.41,16017.57,87.8638,https://livingcost.org/cost/india/mh/kolhapur,kolhapur,,,
 Latur,277,120.0,399,279.0,1.0,24338.27,10543.66,35057.66,24514.0,87.8638,https://livingcost.org/cost/india/mh/latur,latur,,,
 Malegaon,382,144.0,411,267.0,1.1,33563.97,12652.39,36112.02,23459.63,87.8638,https://livingcost.org/cost/india/mh/malegaon,malegaon,,,
 Mumbai,705,401.0,222,-179.0,0.3,61943.98,35233.38,19505.76,-15727.62,87.8638,https://livingcost.org/cost/india/mh/mumbai,mumbai,13417.15,234.87,58.23
 Nagpur,291,227.0,293,66.0,0.5,25568.37,19945.08,25744.09,5799.01,87.8638,https://livingcost.org/cost/india/mh/nagpur,nagpur,1526.29,29.91,
 Nanded,264,99.9,369,269.1,1.1,23196.04,8777.59,32421.74,23644.15,87.8638,https://livingcost.org/cost/india/mh/nanded,nanded,,,
 Nashik,350,114.0,561,447.0,1.6,30752.33,10016.47,49291.59,39275.12,87.8638,https://livingcost.org/cost/india/mh/nashik,nashik,864.35,21.8,
 Navi Mumbai,503,261.0,680,419.0,1.4,44195.49,22932.45,59747.38,36814.93,87.8638,https://livingcost.org/cost/india/mh/navi-mumbai,navi mumbai,,,
 Pune,517,209.0,490,281.0,0.9,45425.58,18363.53,43053.26,24689.73,87.8638,https://livingcost.org/cost/india/mh/pune,pune,4181.04,69.87,66.27
 Sangli,297,92.6,237,144.4,0.8,26095.55,8136.19,20823.72,12687.53,87.8638,https://livingcost.org/cost/india/mh/sangli,sangli,,,
 Satara,310,72.6,210,137.4,0.8,27237.78,6378.91,18451.4,12072.49,87.8638,https://livingcost.org/cost/india/mh/satara,satara,,,
 Solapur,340,84.1,437,352.9,1.5,29873.69,7389.35,38396.48,31007.14,87.8638,https://livingcost.org/cost/india/mh/solapur,solapur,,,
 Thane,487,233.0,629,396.0,1.3,42789.67,20472.27,55266.33,34794.06,87.8638,https://livingcost.org/cost/india/mh/thane,thane,,,
 Vasai,310,90.3,712,621.7,2.7,27237.78,7934.1,62559.03,54624.92,87.8638,https://livingcost.org/cost/india/mh/vasai,vasai,,,
 Shillong,354,169.0,199,30.0,0.6,31103.79,14848.98,17484.9,2635.91,87.8638,https://livingcost.org/cost/india/ml/shillong,shillong,,,
 Imphal,321,103.0,199,96.0,0.5,28204.28,9049.97,17484.9,8434.92,87.8638,https://livingcost.org/cost/india/mn/imphal,imphal,,,
 Bhopal,339,107.0,316,209.0,0.9,29785.83,9401.43,27764.96,18363.53,87.8638,https://livingcost.org/cost/india/mp/bhopal,bhopal,,,
 Gwalior,329,111.0,360,249.0,1.1,28907.19,9752.88,31630.97,21878.09,87.8638,https://livingcost.org/cost/india/mp/gwalior,gwalior,,,
 Indore,361,128.0,332,204.0,0.9,31718.83,11246.57,29170.78,17924.22,87.8638,https://livingcost.org/cost/india/mp/indore,indore,827.66,32.09,58.58
 Jabalpur,320,98.4,371,272.6,1.3,28116.42,8645.8,32597.47,23951.67,87.8638,https://livingcost.org/cost/india/mp/jabalpur,jabalpur,,,
 Ratlam,293,112.0,349,237.0,1.2,25744.09,9840.75,30664.47,20823.72,87.8638,https://livingcost.org/cost/india/mp/ratlam,ratlam,,,
 Satna,306,103.0,306,203.0,1.0,26886.32,9049.97,26886.32,17836.35,87.8638,https://livingcost.org/cost/india/mp/satna,satna,,,
 Ujjain,487,69.6,292,222.4,1.1,42789.67,6115.32,25656.23,19540.91,87.8638,https://livingcost.org/cost/india/mp/ujjain,ujjain,,,
 Vidisha,334,109.0,214,105.0,0.6,29346.51,9577.15,18802.85,9225.7,87.8638,https://livingcost.org/cost/india/mp/vidisha,vidisha,,,
 Aizawl,321,143.0,347,204.0,0.8,28204.28,12564.52,30488.74,17924.22,87.8638,https://livingcost.org/cost/india/mz/aizawl,aizawl,,,
 Bhubaneswar,290,124.0,419,295.0,1.1,25480.5,10895.11,36814.93,25919.82,87.8638,https://livingcost.org/cost/india/or/bhubaneswar,bhubaneswar,843.11,19.89,
 Cuttack,312,117.0,201,84.0,0.6,27413.51,10280.06,17660.62,7380.56,87.8638,https://livingcost.org/cost/india/or/cuttack,cuttack,,,
 Puri,363,79.3,198,118.7,0.7,31894.56,6967.6,17397.03,10429.43,87.8638,https://livingcost.org/cost/india/or/puri,puri,,,
 Rourkela,328,66.7,377,310.3,1.3,28819.33,5860.52,33124.65,27264.14,87.8638,https://livingcost.org/cost/india/or/rourkela,rourkela,,,
 Amritsar,380,129.0,346,217.0,0.9,33388.24,11334.43,30400.87,19066.44,87.8638,https://livingcost.org/cost/india/pb/amritsar,amritsar,,,
 Chandigarh,427,139.0,331,192.0,0.9,37517.84,12213.07,29082.92,16869.85,87.8638,https://livingcost.org/cost/india/pb/chandigarh,chandigarh,966.2,17.36,
 Jalandhar,337,113.0,460,347.0,1.4,29610.1,9928.61,40417.35,30488.74,87.8638,https://livingcost.org/cost/india/pb/jalandhar,jalandhar,,,
 Ludhiana,427,156.0,365,209.0,0.9,37517.84,13706.75,32070.29,18363.53,87.8638,https://livingcost.org/cost/india/pb/ludhiana,ludhiana,,,
 Pathankot,311,123.0,457,334.0,1.3,27325.64,10807.25,40153.76,29346.51,87.8638,https://livingcost.org/cost/india/pb/pathankot,pathankot,,,
 Patiala,427,131.0,447,316.0,1.3,37517.84,11510.16,39275.12,27764.96,87.8638,https://livingcost.org/cost/india/pb/patiala,patiala,,,
 Pondicherry,327,128.0,421,293.0,1.3,28731.46,11246.57,36990.66,25744.09,87.8638,https://livingcost.org/cost/india/py/pondicherry,pondicherry,,,
 Ajmer,274,87.8,353,265.2,1.3,24074.68,7714.44,31015.92,23301.48,87.8638,https://livingcost.org/cost/india/rj/ajmer,ajmer,,,
 Alwar,427,75.6,367,291.4,1.4,37517.84,6642.5,32246.01,25603.51,87.8638,https://livingcost.org/cost/india/rj/alwar,alwar,,,
 Bhilwara,382,105.0,361,256.0,1.1,33563.97,9225.7,31718.83,22493.13,87.8638,https://livingcost.org/cost/india/rj/bhilwara,bhilwara,,,
 Bikaner,290,93.7,367,273.3,1.3,25480.5,8232.84,32246.01,24013.18,87.8638,https://livingcost.org/cost/india/rj/bikaner,bikaner,,,
 Jaipur,337,125.0,341,216.0,0.9,29610.1,10982.98,29961.56,18978.58,87.8638,https://livingcost.org/cost/india/rj/jaipur,jaipur,1497.67,41.07,
 Jodhpur,301,114.0,326,212.0,1.0,26447.0,10016.47,28643.6,18627.13,87.8638,https://livingcost.org/cost/india/rj/jodhpur,jodhpur,,,
" Kota, Rajasthan",290,115.0,361,246.0,1.1,25480.5,10104.34,31718.83,21614.49,87.8638,https://livingcost.org/cost/india/rj/kota,"kota, rajasthan",,,
 Pali,301,105.0,275,170.0,0.9,26447.0,9225.7,24162.54,14936.85,87.8638,https://livingcost.org/cost/india/rj/pali,pali,,,
 Sikar,335,124.0,368,244.0,1.1,29434.37,10895.11,32333.88,21438.77,87.8638,https://livingcost.org/cost/india/rj/sikar,sikar,,,
 Udaipur,382,83.2,334,250.8,1.1,33563.97,7310.27,29346.51,22036.24,87.8638,https://livingcost.org/cost/india/rj/udaipur,udaipur,,,
" Hyderabad, Telangana",470,170.0,290,120.0,0.6,41295.99,14936.85,25480.5,10543.66,87.8638,https://livingcost.org/cost/india/tg/hyderabad,"hyderabad, telangana",6613.1,105.34,
 Karimnagar,363,139.0,293,154.0,0.8,31894.56,12213.07,25744.09,13531.03,87.8638,https://livingcost.org/cost/india/tg/karimnagar,karimnagar,,,
 Khammam,310,80.9,313,232.1,1.2,27237.78,7108.18,27501.37,20393.19,87.8638,https://livingcost.org/cost/india/tg/khammam,khammam,,,
 Mahbubnagar,353,131.0,310,179.0,0.9,31015.92,11510.16,27237.78,15727.62,87.8638,https://livingcost.org/cost/india/tg/mahbubnagar,mahbubnagar,,,
 Nalgonda,310,63.9,563,499.1,2.1,27237.78,5614.5,49467.32,43852.82,87.8638,https://livingcost.org/cost/india/tg/nalgonda,nalgonda,,,
 Nizamabad,368,90.5,301,210.5,1.0,32333.88,7951.67,26447.0,18495.33,87.8638,https://livingcost.org/cost/india/tg/nizamabad,nizamabad,,,
 Ramagundam,366,135.0,289,154.0,0.8,32158.15,11861.61,25392.64,13531.03,87.8638,https://livingcost.org/cost/india/tg/ramagundam,ramagundam,,,
 Secunderabad,398,156.0,202,46.0,0.5,34969.79,13706.75,17748.49,4041.73,87.8638,https://livingcost.org/cost/india/tg/secunderabad,secunderabad,,,
 Warangal,358,182.0,480,298.0,1.3,31455.24,15991.21,42174.62,26183.41,87.8638,https://livingcost.org/cost/india/tg/warangal,warangal,,,
 Chennai,470,159.0,321,162.0,0.7,41295.99,13970.34,28204.28,14233.94,87.8638,https://livingcost.org/cost/india/tn/chennai,chennai,7560.56,117.99,62.61
 Coimbatore,355,114.0,389,275.0,1.2,31191.65,10016.47,34179.02,24162.54,87.8638,https://livingcost.org/cost/india/tn/coimbatore,coimbatore,2684.22,47.34,59.72
 Cuddalore,277,105.0,395,290.0,1.3,24338.27,9225.7,34706.2,25480.5,87.8638,https://livingcost.org/cost/india/tn/cuddalore,cuddalore,,,
 Dindigul,646,121.0,348,227.0,1.1,56760.01,10631.52,30576.6,19945.08,87.8638,https://livingcost.org/cost/india/tn/dindigul,dindigul,,,
 Erode,286,116.0,245,129.0,0.9,25129.05,10192.2,21526.63,11334.43,87.8638,https://livingcost.org/cost/india/tn/erode,erode,,,
 Madurai,646,97.4,322,224.6,0.9,56760.01,8557.93,28292.14,19734.21,87.8638,https://livingcost.org/cost/india/tn/madurai,madurai,,,
 Nagercoil,646,93.9,229,135.1,0.8,56760.01,8250.41,20120.81,11870.4,87.8638,https://livingcost.org/cost/india/tn/nagercoil,nagercoil,,,
" Salem, Tamil Nadu",345,84.1,375,290.9,1.3,30313.01,7389.35,32948.92,25559.58,87.8638,https://livingcost.org/cost/india/tn/salem,"salem, tamil nadu",,,
 Thanjavur,646,89.7,225,135.3,0.8,56760.01,7881.38,19769.35,11887.97,87.8638,https://livingcost.org/cost/india/tn/thanjavur,thanjavur,,,
 Thoothukudi,646,83.5,270,186.5,0.9,56760.01,7336.63,23723.23,16386.6,87.8638,https://livingcost.org/cost/india/tn/thoothukudi,thoothukudi,,,
 Tiruchirappalli,300,102.0,279,177.0,0.9,26359.14,8962.11,24514.0,15551.89,87.8638,https://livingcost.org/cost/india/tn/tiruchirappalli,tiruchirappalli,,,
 Tirunelveli,646,92.1,235,142.9,0.9,56760.01,8092.26,20647.99,12555.74,87.8638,https://livingcost.org/cost/india/tn/tirunelveli,tirunelveli,,,
 Tiruppur,345,143.0,415,272.0,1.2,30313.01,12564.52,36463.48,23898.95,87.8638,https://livingcost.org/cost/india/tn/tiruppur,tiruppur,,,
 Vellore,382,60.3,496,435.7,2.1,33563.97,5298.19,43580.44,38282.26,87.8638,https://livingcost.org/cost/india/tn/vellore,vellore,,,
 Agartala,362,101.0,387,286.0,1.1,31806.7,8874.24,34003.29,25129.05,87.8638,https://livingcost.org/cost/india/tr/agartala,agartala,,,
 Agra,264,109.0,564,455.0,1.5,23196.04,9577.15,49555.18,39978.03,87.8638,https://livingcost.org/cost/india/up/agra,agra,,,
 Aligarh,322,82.5,248,165.5,0.8,28292.14,7248.76,21790.22,14541.46,87.8638,https://livingcost.org/cost/india/up/aligarh,aligarh,,,
 Allahabad,386,105.0,387,282.0,1.3,33915.43,9225.7,34003.29,24777.59,87.8638,https://livingcost.org/cost/india/up/allahabad,allahabad,,,
 Bareilly,290,89.7,427,337.3,1.5,25480.5,7881.38,37517.84,29636.46,87.8638,https://livingcost.org/cost/india/up/bareilly,bareilly,,,
 Ghaziabad,372,119.0,454,335.0,1.2,32685.33,10455.79,39890.17,29434.37,87.8638,https://livingcost.org/cost/india/up/ghaziabad,ghaziabad,,,
 Gorakhpur,298,95.1,211,115.9,0.7,26183.41,8355.85,18539.26,10183.41,87.8638,https://livingcost.org/cost/india/up/gorakhpur,gorakhpur,,,
 Jaunpur,386,92.8,343,250.2,1.2,33915.43,8153.76,30137.28,21983.52,87.8638,https://livingcost.org/cost/india/up/jaunpur,jaunpur,,,
 Jhansi,345,129.0,424,295.0,1.2,30313.01,11334.43,37254.25,25919.82,87.8638,https://livingcost.org/cost/india/up/jhansi,jhansi,,,
 Kanpur,320,99.6,432,332.4,1.3,28116.42,8751.23,37957.16,29205.93,87.8638,https://livingcost.org/cost/india/up/kanpur,kanpur,,,
 Lucknow,386,113.0,352,239.0,1.0,33915.43,9928.61,30928.06,20999.45,87.8638,https://livingcost.org/cost/india/up/lucknow,lucknow,902.22,38.54,
 Mathura,293,84.3,491,406.7,1.7,25744.09,7406.92,43141.13,35734.21,87.8638,https://livingcost.org/cost/india/up/mathura,mathura,,,
 Meerut,350,135.0,559,424.0,1.6,30752.33,11861.61,49115.86,37254.25,87.8638,https://livingcost.org/cost/india/up/meerut,meerut,,,
 Mirzapur,276,90.1,406,315.9,1.5,24250.41,7916.53,35672.7,27756.17,87.8638,https://livingcost.org/cost/india/up/mirzapur,mirzapur,,,
 Moradabad,290,79.7,491,411.3,1.7,25480.5,7002.74,43141.13,36138.38,87.8638,https://livingcost.org/cost/india/up/moradabad,moradabad,,,
 Noida,437,187.0,492,305.0,1.1,38396.48,16430.53,43228.99,26798.46,87.8638,https://livingcost.org/cost/india/up/noida,noida,,,
 Saharanpur,427,104.0,333,229.0,1.2,37517.84,9137.84,29258.65,20120.81,87.8638,https://livingcost.org/cost/india/up/saharanpur,saharanpur,,,
 Sambhal,301,98.2,507,408.8,1.7,26447.0,8628.23,44546.95,35918.72,87.8638,https://livingcost.org/cost/india/up/sambhal,sambhal,,,
 Varanasi,273,74.7,356,281.3,1.3,23986.82,6563.43,31279.51,24716.09,87.8638,https://livingcost.org/cost/india/up/varanasi,varanasi,,,
 Dehradun,427,160.0,225,65.0,0.6,37517.84,14058.21,19769.35,5711.15,87.8638,https://livingcost.org/cost/india/ut/dehradun,dehradun,,,
 Rishikesh,427,147.0,224,77.0,0.6,37517.84,12915.98,19681.49,6765.51,87.8638,https://livingcost.org/cost/india/ut/rishikesh,rishikesh,,,
 Asansol,286,86.0,383,297.0,1.3,25129.05,7556.29,33651.84,26095.55,87.8638,https://livingcost.org/cost/india/wb/asansol,asansol,865.44,23.5,
 Bally,318,116.0,364,248.0,1.1,27940.69,10192.2,31982.42,21790.22,87.8638,https://livingcost.org/cost/india/wb/bally,bally,,,
 Balurghat,297,100.0,334,234.0,1.1,26095.55,8786.38,29346.51,20560.13,87.8638,https://livingcost.org/cost/india/wb/balurghat,balurghat,,,
 Baranagar,301,116.0,370,254.0,1.2,26447.0,10192.2,32509.61,22317.41,87.8638,https://livingcost.org/cost/india/wb/baranagar,baranagar,,,
 Barasat,301,124.0,381,257.0,1.1,26447.0,10895.11,33476.11,22581.0,87.8638,https://livingcost.org/cost/india/wb/barasat,barasat,,,
 Bardhaman,302,101.0,453,352.0,1.5,26534.87,8874.24,39802.3,30928.06,87.8638,https://livingcost.org/cost/india/wb/bardhaman,bardhaman,,,
 Barrackpore,315,116.0,277,161.0,0.9,27677.1,10192.2,24338.27,14146.07,87.8638,https://livingcost.org/cost/india/wb/barrackpore,barrackpore,,,
 Berhampore,294,96.5,403,306.5,1.4,25831.96,8478.86,35409.11,26930.25,87.8638,https://livingcost.org/cost/india/wb/berhampore,berhampore,,,
 Bhatpara,320,112.0,378,266.0,1.2,28116.42,9840.75,33212.52,23371.77,87.8638,https://livingcost.org/cost/india/wb/bhatpara,bhatpara,,,
 Bidhannagar,301,119.0,383,264.0,1.1,26447.0,10455.79,33651.84,23196.04,87.8638,https://livingcost.org/cost/india/wb/bidhannagar,bidhannagar,,,
 Chandannagar,313,113.0,375,262.0,1.2,27501.37,9928.61,32948.92,23020.32,87.8638,https://livingcost.org/cost/india/wb/chandannagar,chandannagar,,,
 Durgapur,289,93.0,282,189.0,1.0,25392.64,8171.33,24777.59,16606.26,87.8638,https://livingcost.org/cost/india/wb/durgapur,durgapur,,,
 Haldia,376,160.0,387,227.0,1.0,33036.79,14058.21,34003.29,19945.08,87.8638,https://livingcost.org/cost/india/wb/haldia,haldia,,,
 Howrah,301,114.0,455,341.0,1.4,26447.0,10016.47,39978.03,29961.56,87.8638,https://livingcost.org/cost/india/wb/howrah,howrah,,,
 Hugli-Chuchura,312,112.0,375,263.0,1.2,27413.51,9840.75,32948.92,23108.18,87.8638,https://livingcost.org/cost/india/wb/hugli-chuchura,hugli-chuchura,,,
 Kamarhati,320,116.0,351,235.0,1.1,28116.42,10192.2,30840.19,20647.99,87.8638,https://livingcost.org/cost/india/wb/kamarhati,kamarhati,,,
 Kharagpur,277,95.5,402,306.5,1.5,24338.27,8390.99,35321.25,26930.25,87.8638,https://livingcost.org/cost/india/wb/kharagpur,kharagpur,,,
 Kolkata,301,121.0,354,233.0,1.0,26447.0,10631.52,31103.79,20472.27,87.8638,https://livingcost.org/cost/india/wb/kolkata,kolkata,6212.51,164.69,
 Krishnanagar,272,73.1,401,327.9,1.5,23898.95,6422.84,35233.38,28810.54,87.8638,https://livingcost.org/cost/india/wb/krishnanagar,krishnanagar,,,
 Kulti,289,92.6,298,205.4,1.0,25392.64,8136.19,26183.41,18047.22,87.8638,https://livingcost.org/cost/india/wb/kulti,kulti,,,
 Madhyamgram,317,115.0,372,257.0,1.2,27852.82,10104.34,32685.33,22581.0,87.8638,https://livingcost.org/cost/india/wb/madhyamgram,madhyamgram,,,
 Maheshtala,344,129.0,392,263.0,1.1,30225.15,11334.43,34442.61,23108.18,87.8638,https://livingcost.org/cost/india/wb/maheshtala,maheshtala,,,
 Malda,274,99.1,405,305.9,1.4,24074.68,8707.3,35584.84,26877.54,87.8638,https://livingcost.org/cost/india/wb/malda,malda,,,
 Midnapore,287,101.0,399,298.0,1.4,25216.91,8874.24,35057.66,26183.41,87.8638,https://livingcost.org/cost/india/wb/midnapore,midnapore,,,
 Naihati,301,111.0,364,253.0,1.2,26447.0,9752.88,31982.42,22229.54,87.8638,https://livingcost.org/cost/india/wb/naihati,naihati,,,
 North Dumdum,301,117.0,371,254.0,1.2,26447.0,10280.06,32597.47,22317.41,87.8638,https://livingcost.org/cost/india/wb/north-dumdum,north dumdum,,,
 Panihati,301,117.0,281,164.0,0.9,26447.0,10280.06,24689.73,14409.66,87.8638,https://livingcost.org/cost/india/wb/panihati,panihati,,,
 Raiganj,298,99.7,380,280.3,1.3,26183.41,8760.02,33388.24,24628.22,87.8638,https://livingcost.org/cost/india/wb/raiganj,raiganj,,,
 Rajarhat,301,118.0,376,258.0,1.1,26447.0,10367.93,33036.79,22668.86,87.8638,https://livingcost.org/cost/india/wb/rajarhat,rajarhat,,,
 Rajpur Sonarpur,301,119.0,382,263.0,1.2,26447.0,10455.79,33563.97,23108.18,87.8638,https://livingcost.org/cost/india/wb/rajpur-sonarpur,rajpur sonarpur,,,
 Serampore,315,115.0,380,265.0,1.2,27677.1,10104.34,33388.24,23283.91,87.8638,https://livingcost.org/cost/india/wb/serampore,serampore,,,
 Shantipur,301,86.1,288,201.9,1.0,26447.0,7565.07,25304.77,17739.7,87.8638,https://livingcost.org/cost/india/wb/shantipur,shantipur,,,
 Siliguri,297,91.2,279,187.8,0.9,26095.55,8013.18,24514.0,16500.82,87.8638,https://livingcost.org/cost/india/wb/siliguri,siliguri,,,
 South Dumdum,301,118.0,370,252.0,1.1,26447.0,10367.93,32509.61,22141.68,87.8638,https://livingcost.org/cost/india/wb/south-dumdum,south dumdum,,,
 Uluberia,324,119.0,376,257.0,1.2,28467.87,10455.79,33036.79,22581.0,87.8638,https://livingcost.org/cost/india/wb/uluberia,uluberia,,,
 Uttarpara,312,116.0,291,175.0,0.9,27413.51,10192.2,25568.37,15376.16,87.8638,https://livingcost.org/cost/india/wb/uttarpara,uttarpara,,,
 Alleppey,342,112.5,301,188.5,0.9,30049.4196,9884.6775,26447.0038,16562.3263,87.8638,https://hiracost.com/cost/india/kerala/alleppey/,alleppey,826.0,19.16,
