month,commodity,status,rural_index,rural_inflation,urban_index,urban_inflation,combined_index,combined_inflation
2013-01-01,A) General Index,Final,105.1,,104.0,,104.6,
2013-02-01,A) General Index,Final,105.8,,104.7,,105.3,
2013-03-01,A) General Index,Final,106.0,,105.0,,105.5,
2013-04-01,A) General Index,Final,106.4,,105.7,,106.1,
2013-05-01,A) General Index,Final,107.2,,106.6,,106.9,
2013-06-01,A) General Index,Final,108.9,,109.7,,109.3,
2013-07-01,A) General Index,Final,110.7,,111.4,,111.0,
2013-08-01,A) General Index,Final,112.1,,112.7,,112.4,
2013-09-01,A) General Index,Final,114.2,,113.2,,113.7,
2013-10-01,A) General Index,Final,115.5,,114.0,,114.8,
2013-11-01,A) General Index,Final,117.4,,115.0,,116.3,
2013-12-01,A) General Index,Final,115.5,,113.3,,114.5,
2014-01-01,A) General Index,Final,114.2,8.66,112.9,8.56,113.6,8.6
2014-02-01,A) General Index,Final,114.0,7.75,113.1,8.02,113.6,7.88
2014-03-01,A) General Index,Final,114.6,8.11,113.7,8.29,114.2,8.25
2014-04-01,A) General Index,Final,115.4,8.46,114.7,8.51,115.1,8.48
2014-05-01,A) General Index,Final,116.0,8.21,115.6,8.44,115.8,8.33
2014-06-01,A) General Index,Final,117.0,7.44,116.4,6.11,116.7,6.77
2014-07-01,A) General Index,Final,119.5,7.95,118.9,6.73,119.2,7.39
2014-08-01,A) General Index,Final,120.7,7.67,119.9,6.39,120.3,7.03
2014-09-01,A) General Index,Final,120.9,5.87,119.2,5.3,120.1,5.63
2014-10-01,A) General Index,Final,121.0,4.76,119.1,4.47,120.1,4.62
2014-11-01,A) General Index,Final,121.1,3.15,119.0,3.48,120.1,3.27
2014-12-01,A) General Index,Final,120.3,4.16,118.4,4.5,119.4,4.28
2015-01-01,A) General Index,Final,120.3,5.34,118.5,4.96,119.5,5.19
2015-02-01,A) General Index,Final,120.6,5.79,118.7,4.95,119.7,5.37
2015-03-01,A) General Index,Final,121.1,5.67,119.1,4.75,120.2,5.25
2015-04-01,A) General Index,Final,121.5,5.29,119.7,4.36,120.7,4.87
2015-05-01,A) General Index,Final,122.4,5.52,120.7,4.41,121.6,5.01
2015-06-01,A) General Index,Final,124.1,6.07,121.7,4.55,123.0,5.4
2015-07-01,A) General Index,Final,124.7,4.35,122.4,2.94,123.6,3.69
2015-08-01,A) General Index,Final,126.1,4.47,123.2,2.75,124.8,3.74
2015-09-01,A) General Index,Final,127.0,5.05,123.5,3.61,125.4,4.41
2015-10-01,A) General Index,Final,127.7,5.54,124.2,4.28,126.1,5.0
2015-11-01,A) General Index,Final,128.3,5.95,124.6,4.71,126.6,5.41
2015-12-01,A) General Index,Final,127.9,6.32,124.0,4.73,126.1,5.61
2016-01-01,A) General Index,Final,128.1,6.48,124.2,4.81,126.3,5.69
2016-02-01,A) General Index,Final,127.9,6.05,123.8,4.3,126.0,5.26
2016-03-01,A) General Index,Final,128.0,5.7,123.8,3.95,126.0,4.83
2016-04-01,A) General Index,Final,129.0,6.17,125.3,4.68,127.3,5.47
2016-05-01,A) General Index,Final,130.3,6.45,126.6,4.89,128.6,5.76
2016-06-01,A) General Index,Final,131.9,6.29,128.1,5.26,130.1,5.77
2016-07-01,A) General Index,Final,133.0,6.66,129.0,5.39,131.1,6.07
2016-08-01,A) General Index,Final,133.5,5.87,128.4,4.22,131.1,5.05
2016-09-01,A) General Index,Final,133.4,5.04,128.0,3.64,130.9,4.39
2016-10-01,A) General Index,Final,133.8,4.78,128.6,3.54,131.4,4.2
2016-11-01,A) General Index,Final,133.6,4.13,128.5,3.13,131.2,3.63
2016-12-01,A) General Index,Final,132.8,3.83,127.6,2.9,130.4,3.41
2017-01-01,A) General Index,Final,132.4,3.36,127.8,2.9,130.3,3.17
2017-02-01,A) General Index,Final,132.6,3.67,128.2,3.55,130.6,3.65
2017-03-01,A) General Index,Final,132.8,3.75,128.7,3.96,130.9,3.89
2017-04-01,A) General Index,Final,132.9,3.02,129.1,3.03,131.1,2.99
2017-05-01,A) General Index,Final,133.3,2.3,129.3,2.13,131.4,2.18
2017-06-01,A) General Index,Final,133.9,1.52,129.9,1.41,132.0,1.46
2017-07-01,A) General Index,Final,136.2,2.41,131.8,2.17,134.2,2.36
2017-08-01,A) General Index,Final,137.8,3.22,132.7,3.35,135.4,3.28
2017-09-01,A) General Index,Final,137.6,3.15,132.4,3.44,135.2,3.28
2017-10-01,A) General Index,Final,138.3,3.36,133.5,3.81,136.1,3.58
2017-11-01,A) General Index,Final,140.0,4.79,134.8,4.9,137.6,4.88
2017-12-01,A) General Index,Final,139.8,5.27,134.1,5.09,137.2,5.21
2018-01-01,A) General Index,Final,139.3,5.21,134.1,4.93,136.9,5.07
2018-02-01,A) General Index,Final,138.5,4.45,134.0,4.52,136.4,4.44
2018-03-01,A) General Index,Final,138.7,4.44,134.0,4.12,136.5,4.28
2018-04-01,A) General Index,Final,139.1,4.67,134.8,4.42,137.1,4.58
2018-05-01,A) General Index,Final,139.8,4.88,135.4,4.72,137.8,4.87
2018-06-01,A) General Index,Final,140.5,4.93,136.2,4.85,138.5,4.92
2018-07-01,A) General Index,Final,141.8,4.11,137.5,4.32,139.8,4.17
2018-08-01,A) General Index,Final,142.5,3.41,138.0,3.99,140.4,3.69
2018-09-01,A) General Index,Final,142.1,3.27,138.1,4.31,140.2,3.7
2018-10-01,A) General Index,Final,142.2,2.82,138.9,4.04,140.7,3.38
2018-11-01,A) General Index,Final,142.4,1.71,139.0,3.12,140.8,2.33
2018-12-01,A) General Index,Final,141.9,1.5,138.0,2.91,140.1,2.11
2019-01-01,A) General Index,Final,141.0,1.22,138.0,2.91,139.6,1.97
2019-02-01,A) General Index,Final,141.0,1.81,138.6,3.43,139.9,2.57
2019-03-01,A) General Index,Final,141.2,1.8,139.5,4.1,140.4,2.86
2019-04-01,A) General Index,Final,141.7,1.87,140.6,4.3,141.2,2.99
2019-05-01,A) General Index,Final,142.4,1.86,141.5,4.51,142.0,3.05
2019-06-01,A) General Index,Final,143.6,2.21,142.1,4.33,142.9,3.18
2019-07-01,A) General Index,Final,144.9,2.19,143.3,4.22,144.2,3.15
2019-08-01,A) General Index,Final,145.7,2.25,144.2,4.49,145.0,3.28
2019-09-01,A) General Index,Final,146.7,3.24,144.7,4.78,145.8,3.99
2019-10-01,A) General Index,Final,148.3,4.29,146.0,5.11,147.2,4.62
2019-11-01,A) General Index,Final,149.9,5.27,147.0,5.76,148.6,5.54
2019-12-01,A) General Index,Final,152.3,7.33,148.3,7.46,150.4,7.35
2020-01-01,A) General Index,Final,151.9,7.73,148.2,7.39,150.2,7.59
2020-02-01,A) General Index,Final,150.4,6.67,147.7,6.57,149.1,6.58
2020-03-01,A) General Index,Final,149.8,6.09,147.3,5.59,148.6,5.84
2020-04-01,A) General Index,Final,151.9,7.2,150.9,7.33,151.4,7.22
2020-05-01,A) General Index,Final,151.2,6.18,150.6,6.43,150.9,6.27
2020-06-01,A) General Index,Final,152.7,6.34,150.8,6.12,151.8,6.23
2020-07-01,A) General Index,Final,154.7,6.76,152.9,6.7,153.9,6.73
2020-08-01,A) General Index,Final,155.4,6.66,154.0,6.8,154.7,6.69
2020-09-01,A) General Index,Final,157.5,7.36,155.2,7.26,156.4,7.27
2020-10-01,A) General Index,Final,159.8,7.75,156.7,7.33,158.4,7.61
2020-11-01,A) General Index,Final,160.7,7.2,156.9,6.73,158.9,6.93
2020-12-01,A) General Index,Final,158.5,4.07,156.0,5.19,157.3,4.59
2021-01-01,A) General Index,Final,156.8,3.23,155.8,5.13,156.3,4.06
2021-02-01,A) General Index,Final,156.7,4.19,156.5,5.96,156.6,5.03
2021-03-01,A) General Index,Final,156.7,4.61,156.9,6.52,156.8,5.52
2021-04-01,A) General Index,Final,157.6,3.75,158.0,4.71,157.8,4.23
2021-05-01,A) General Index,Final,161.1,6.55,159.5,5.91,160.4,6.3
2021-06-01,A) General Index,Final,162.1,6.16,160.4,6.37,161.3,6.26
2021-07-01,A) General Index,Final,163.2,5.49,161.8,5.82,162.5,5.59
2021-08-01,A) General Index,Final,163.6,5.28,162.2,5.32,162.9,5.3
2021-09-01,A) General Index,Final,164.0,4.13,162.3,4.57,163.2,4.35
2021-10-01,A) General Index,Final,166.3,4.07,164.6,5.04,165.5,4.48
2021-11-01,A) General Index,Final,167.6,4.29,165.6,5.54,166.7,4.91
2021-12-01,A) General Index,Final,167.0,5.36,165.2,5.9,166.2,5.66
2022-01-01,A) General Index,Final,166.4,6.12,165.0,5.91,165.7,6.01
2022-02-01,A) General Index,Final,166.7,6.38,165.5,5.75,166.1,6.07
2022-03-01,A) General Index,Final,168.7,7.66,166.5,6.12,167.7,6.95
2022-04-01,A) General Index,Final,170.8,8.38,169.2,7.09,170.1,7.79
2022-05-01,A) General Index,Final,172.5,7.08,170.8,7.08,171.7,7.04
2022-06-01,A) General Index,Final,173.6,7.09,171.4,6.86,172.6,7.01
2022-07-01,A) General Index,Final,174.3,6.8,172.3,6.49,173.4,6.71
2022-08-01,A) General Index,Final,175.3,7.15,173.1,6.72,174.3,7.0
2022-09-01,A) General Index,Final,176.4,7.56,174.1,7.27,175.3,7.41
2022-10-01,A) General Index,Final,177.9,6.98,175.3,6.5,176.7,6.77
2022-11-01,A) General Index,Final,177.8,6.09,175.0,5.68,176.5,5.88
2022-12-01,A) General Index,Final,177.1,6.05,174.1,5.39,175.7,5.72
2023-01-01,A) General Index,Final,177.8,6.85,174.9,6.0,176.5,6.52
2023-02-01,A) General Index,Final,177.9,6.72,175.6,6.1,176.8,6.44
2023-03-01,A) General Index,Final,178.0,5.51,176.3,5.89,177.2,5.66
2023-04-01,A) General Index,Final,178.8,4.68,177.4,4.85,178.1,4.7
2023-05-01,A) General Index,Final,179.8,4.23,178.2,4.33,179.1,4.31
2023-06-01,A) General Index,Final,181.9,4.78,179.9,4.96,181.0,4.87
2023-07-01,A) General Index,Final,187.6,7.63,184.7,7.2,186.3,7.44
2023-08-01,A) General Index,Final,187.6,7.02,184.5,6.59,186.2,6.83
2023-09-01,A) General Index,Final,185.8,5.33,182.2,4.65,184.1,5.02
2023-10-01,A) General Index,Final,187.0,5.12,183.4,4.62,185.3,4.87
2023-11-01,A) General Index,Final,188.2,5.85,184.2,5.26,186.3,5.55
2023-12-01,A) General Index,Final,187.6,5.93,183.6,5.46,185.7,5.69
2024-01-01,A) General Index,Final,187.3,5.34,183.5,4.92,185.5,5.1
2024-02-01,A) General Index,Final,187.4,5.34,184.0,4.78,185.8,5.09
2024-03-01,A) General Index,Final,187.8,5.51,183.6,4.14,185.8,4.85
2024-04-01,A) General Index,Final,188.5,5.43,184.7,4.11,186.7,4.83
2024-05-01,A) General Index,Final,189.4,5.34,185.7,4.21,187.7,4.8
2024-06-01,A) General Index,Final,192.2,5.66,187.8,4.39,190.2,5.08
2024-07-01,A) General Index,Final,195.3,4.1,190.3,3.03,193.0,3.6
2024-08-01,A) General Index,Final,195.4,4.16,190.3,3.14,193.0,3.65
2024-09-01,A) General Index,Final,196.7,5.87,191.4,5.05,194.2,5.49
2024-10-01,A) General Index,Final,199.5,6.68,193.7,5.62,196.8,6.21
2024-11-01,A) General Index,Final,199.4,5.95,193.2,4.89,196.5,5.48
2024-12-01,A) General Index,Final,198.4,5.76,192.0,4.58,195.4,5.22
2025-01-01,A) General Index,Final,195.9,4.59,190.6,3.87,193.4,4.26
2025-02-01,A) General Index,Final,194.5,3.79,190.1,3.32,192.5,3.61
2025-03-01,A) General Index,Final,193.9,3.25,189.9,3.43,192.0,3.34
2025-04-01,A) General Index,Final,194.0,2.92,190.9,3.36,192.6,3.16
2025-05-01,A) General Index,Final,194.3,2.59,191.5,3.12,193.0,2.82
2025-06-01,A) General Index,Final,195.5,1.72,192.6,2.56,194.2,2.1
2025-07-01,A) General Index,Final,197.6,1.18,194.3,2.1,196.1,1.61
2025-08-01,A) General Index,Final,198.7,1.69,195.0,2.47,197.0,2.07
2025-09-01,A) General Index,Final,198.8,1.07,194.9,1.83,197.0,1.44
2025-10-01,A) General Index,Final,199.0,-0.25,195.4,0.88,197.3,0.25
2025-11-01,A) General Index,Final,199.6,0.1,195.9,1.4,197.9,0.71
2025-12-01,A) General Index,Provisional,199.9,0.76,195.9,2.03,198.0,1.33
