State,Sector,household_size_group,total_consumption_pc,n_households,sum_multiplier
1,1,1-2,4317.786538021785,105.0,10231577.0
1,1,3-4,3482.2383763179255,579.0,58536892.0
1,1,5-6,2665.8881625693234,782.0,79554055.0
1,1,7+,2133.0775798320537,316.0,31603415.0
1,2,1-2,6673.23705557376,287.0,10755028.0
1,2,3-4,4500.71940625122,709.0,21748113.0
1,2,5-6,3467.5561848113834,560.0,16690968.0
1,2,7+,2717.477479449619,244.0,7472684.0
2,1,1-2,5524.622282236497,333.0,39921428.0
2,1,3-4,3470.1737537820686,582.0,66406151.0
2,1,5-6,2690.9518314773727,331.0,37927805.0
2,1,7+,2301.1307865956746,109.0,11445584.0
2,2,1-2,8045.231801008617,518.0,12403311.0
2,2,3-4,5004.128262413013,383.0,8434912.0
2,2,5-6,3379.0148028054878,120.0,2745397.0
2,2,7+,2598.0426597078663,30.0,814791.0
3,1,1-2,6331.0928975044235,435.0,55505420.0
3,1,3-4,4067.081660894633,1264.0,150514153.0
3,1,5-6,3048.437221201026,1144.0,135321666.0
3,1,7+,2572.8094988083267,318.0,39070019.0
3,2,1-2,7578.816335423542,718.0,66144417.0
3,2,3-4,5035.093087201613,1171.0,116136063.0
3,2,5-6,3881.212928635666,732.0,74004380.0
3,2,7+,2913.940219728974,189.0,18150480.0
4,1,1-2,9062.857025500894,73.0,231286.0
4,1,3-4,4942.823912647609,159.0,511929.0
4,1,5-6,3487.8032914301166,104.0,322224.0
4,1,7+,3045.239596880761,23.0,65845.0
4,2,1-2,14049.3590705013,105.0,6874157.0
4,2,3-4,8815.763522758889,150.0,10100010.0
4,2,5-6,5649.201128726676,87.0,6320042.0
4,2,7+,3456.511168201369,17.0,979085.0
5,1,1-2,4048.8986131271186,362.0,35816116.0
5,1,3-4,2919.6631829369053,652.0,72138393.0
5,1,5-6,2191.0379977948833,480.0,53690987.0
5,1,7+,1854.402468143862,199.0,23997896.0
5,2,1-2,7379.500630813138,261.0,19146716.0
5,2,3-4,4348.3232811769885,473.0,34866068.0
5,2,5-6,3211.8619522858576,233.0,15552291.0
5,2,7+,2501.1367337665392,89.0,5930421.0
6,1,1-2,5299.398188794731,288.0,37241297.0
6,1,3-4,4223.046198236511,1126.0,148876958.0
6,1,5-6,3336.1943683089285,989.0,126751985.0
6,1,7+,2705.4920556590837,382.0,49895493.0
6,2,1-2,11283.934891985838,569.0,58896536.0
6,2,3-4,6366.4903861897465,1086.0,106969777.0
6,2,5-6,4405.068930455523,639.0,70148091.0
6,2,7+,3300.0362138664723,184.0,19405182.0
7,1,1-2,5745.360524637431,42.0,1324394.0
7,1,3-4,4153.718982664834,124.0,3589928.0
7,1,5-6,3122.0288839798945,115.0,3161091.0
7,1,7+,2517.7576917709125,29.0,885304.0
7,2,1-2,8092.763836930907,590.0,66682622.0
7,2,3-4,4841.681805001709,1363.0,163325766.0
7,2,5-6,3190.7316967937063,884.0,107098768.0
7,2,7+,2496.7588343648285,212.0,27259521.0
8,1,1-2,3894.5054329739396,1204.0,151998367.0
8,1,3-4,3060.190452010554,2857.0,356149806.0
8,1,5-6,2494.458478977274,2978.0,369588248.0
8,1,7+,2026.6251942055178,1730.0,215960970.0
8,2,1-2,7527.618650051107,1013.0,101620247.0
8,2,3-4,4797.823494532607,1563.0,155662654.0
8,2,5-6,3453.22647422687,1229.0,113560433.0
8,2,7+,2588.7478293393438,573.0,53950117.0
9,1,1-2,2953.8667315003395,1879.0,295923900.0
9,1,3-4,2207.3877315364057,5838.0,906464024.0
9,1,5-6,1767.273279580075,7272.0,1122872122.0
9,1,7+,1491.7128993065148,4675.0,714601405.0
9,2,1-2,6640.337027040968,1488.0,131414615.0
9,2,3-4,3619.3101860419292,3942.0,336831817.0
9,2,5-6,2467.8011908596905,3477.0,296561507.0
9,2,7+,1814.6011034982746,1737.0,142726428.0
10,1,1-2,3005.6711198942626,1376.0,214786986.0
10,1,3-4,2375.802508717729,4469.0,676932366.0
10,1,5-6,1940.5753793933566,5346.0,782933283.0
10,1,7+,1645.1885433152374,2465.0,340461898.0
10,2,1-2,4991.2998324976825,425.0,27327781.0
10,2,3-4,2951.2049192395925,1191.0,71699469.0
10,2,5-6,2298.0940150111915,1395.0,83878486.0
10,2,7+,1851.5734677801981,588.0,33824865.0
11,1,1-2,5329.240967290326,214.0,1791203.0
11,1,3-4,2776.6427213640873,732.0,6140708.0
11,1,5-6,2168.5225909656683,361.0,3028664.0
11,1,7+,1725.4773325629458,132.0,1111968.0
11,2,1-2,7425.939569814515,323.0,2609634.0
11,2,3-4,3273.0621870963196,281.0,2292705.0
11,2,5-6,2418.6038981281004,92.0,680794.0
11,2,7+,2096.076380376337,23.0,166654.0
12,1,1-2,5744.259002283837,250.0,2032836.0
12,1,3-4,3459.9312636136738,883.0,7441048.0
12,1,5-6,2578.602025547765,889.0,7466337.0
12,1,7+,1867.9852450202807,631.0,4825071.0
12,2,1-2,8987.823224374404,430.0,1738392.0
12,2,3-4,4798.339030121269,589.0,2671169.0
12,2,5-6,3610.133496200756,314.0,1431703.0
12,2,7+,2607.095366615678,87.0,389242.0
13,1,1-2,6670.040166272403,234.0,3424100.0
13,1,3-4,4397.960819585692,709.0,10261255.0
13,1,5-6,3512.5812237545424,750.0,10477210.0
13,1,7+,2574.025691395925,269.0,3531912.0
13,2,1-2,8749.585424604142,238.0,2636754.0
13,2,3-4,5535.923054449865,470.0,5214185.0
13,2,5-6,4538.897609295005,303.0,3427083.0
13,2,7+,3526.94332630537,69.0,755792.0
14,1,1-2,4437.013184272813,118.0,3825113.0
14,1,3-4,3272.6423889350503,627.0,20217527.0
14,1,5-6,2610.4603296030223,592.0,17723752.0
14,1,7+,1965.0868137241548,300.0,8170315.0
14,2,1-2,4975.836538033675,353.0,2134937.0
14,2,3-4,3717.118186102311,1269.0,9051142.0
14,2,5-6,2915.9054497066736,793.0,5733016.0
14,2,7+,2378.185335356538,192.0,1449963.0
15,1,1-2,5133.298769876015,131.0,986784.0
15,1,3-4,2828.1446164898953,513.0,4060232.0
15,1,5-6,2131.9751436445176,625.0,4929743.0
15,1,7+,1862.3451403570896,171.0,1307273.0
15,2,1-2,5774.414445428652,207.0,984436.0
15,2,3-4,3632.155633521176,1002.0,4745539.0
15,2,5-6,2857.0768557857546,803.0,3857963.0
15,2,7+,2278.7368268786017,148.0,686623.0
16,1,1-2,4894.354902873259,542.0,13249904.0
16,1,3-4,3536.179300387729,1737.0,43109275.0
16,1,5-6,2655.5263234268573,791.0,19935029.0
16,1,7+,2205.4038536870185,170.0,4195387.0
16,2,1-2,6386.92989975521,441.0,4865789.0
16,2,3-4,4558.987277132805,1018.0,11392977.0
16,2,5-6,3303.872099984396,280.0,3214226.0
16,2,7+,2583.5604797073956,61.0,714259.0
17,1,1-2,3445.595841609589,207.0,5738807.0
17,1,3-4,2820.81047298887,632.0,16831432.0
17,1,5-6,2487.5600491282826,742.0,19215544.0
17,1,7+,2113.046789608875,573.0,14543751.0
17,2,1-2,7593.507505454687,231.0,2328884.0
17,2,3-4,4761.9919762716045,406.0,4299359.0
17,2,5-6,3876.5274444079587,279.0,2911348.0
17,2,7+,3073.4934772195024,146.0,1548624.0
18,1,1-2,3657.791676387138,511.0,55004192.0
18,1,3-4,2738.527166811311,2746.0,286567646.0
18,1,5-6,2081.08208203151,1965.0,201891041.0
18,1,7+,1657.9097910152764,831.0,81351022.0
18,2,1-2,5813.007304048354,576.0,23580439.0
18,2,3-4,3565.3640214810175,1336.0,50445344.0
18,2,5-6,2430.3980302154196,481.0,19148016.0
18,2,7+,2099.0072668097528,126.0,4940747.0
19,1,1-2,3508.2866285139385,1980.0,321017321.0
19,1,3-4,2922.48059179696,5444.0,868912779.0
19,1,5-6,2387.4258900325162,2710.0,421350948.0
19,1,7+,2146.280174356065,572.0,86344526.0
19,2,1-2,6712.288307059553,2177.0,224778590.0
19,2,3-4,4885.799174261428,3597.0,393548838.0
19,2,5-6,3732.191245102157,1346.0,151430152.0
19,2,7+,2919.3796423031276,294.0,30667067.0
20,1,1-2,2433.540931376066,476.0,71981121.0
20,1,3-4,1960.9189284451622,1384.0,206482544.0
20,1,5-6,1488.438406571896,1379.0,201503348.0
20,1,7+,1282.660147719291,627.0,91013109.0
20,2,1-2,6067.793054567313,495.0,31184719.0
20,2,3-4,4019.292461039172,1057.0,68125120.0
20,2,5-6,2771.6883841038507,685.0,47461589.0
20,2,7+,1995.5626569399658,228.0,14766523.0
21,1,1-2,3084.384466705328,1504.0,233153370.0
21,1,3-4,2754.5633766171327,3076.0,415397069.0
21,1,5-6,2133.9910159568008,1676.0,221941485.0
21,1,7+,1810.8652443336975,512.0,67922795.0
21,2,1-2,7166.055546697039,821.0,83642033.0
21,2,3-4,4904.392672127248,1066.0,90717314.0
21,2,5-6,3308.1876698377473,447.0,36577574.0
21,2,7+,2549.071764953824,111.0,8409858.0
22,1,1-2,2042.9822977982353,511.0,83171010.0
22,1,3-4,1855.8043319759386,1072.0,171050532.0
22,1,5-6,1471.5288591883866,927.0,149554972.0
22,1,7+,1212.647828991315,346.0,55342292.0
22,2,1-2,4656.457414875415,449.0,30308048.0
22,2,3-4,3691.146621897293,982.0,60224057.0
22,2,5-6,2860.332885979563,523.0,33689966.0
22,2,7+,2384.0122888677565,158.0,9066927.0
23,1,1-2,3076.572587644094,1106.0,151006515.0
23,1,3-4,2421.297873531454,2970.0,406495492.0
23,1,5-6,1961.9335235710184,2908.0,384811593.0
23,1,7+,1710.6357034421108,1442.0,184302809.0
23,2,1-2,5922.645607177176,1081.0,76683095.0
23,2,3-4,3895.583633718585,2384.0,198522470.0
23,2,5-6,2806.5197449066213,1566.0,122804346.0
23,2,7+,2248.949782872401,648.0,50438340.0
24,1,1-2,4429.555148630143,910.0,117144318.0
24,1,3-4,3428.4189290465124,1792.0,228927308.0
24,1,5-6,2604.7593458395336,1949.0,238743756.0
24,1,7+,2064.212960806942,1048.0,122289889.0
24,2,1-2,7301.788118004883,1435.0,171565918.0
24,2,3-4,5577.463554123535,2295.0,269875100.0
24,2,5-6,4133.466961877692,1425.0,167382487.0
24,2,7+,3285.0656143328983,417.0,46365135.0
25,1,1-2,5305.298764073837,76.0,1359763.0
25,1,3-4,3709.936439716796,113.0,1692361.0
25,1,5-6,2753.943379792483,100.0,1443299.0
25,1,7+,1983.3187893730035,65.0,948398.0
25,2,1-2,7457.427171248665,102.0,3653136.0
25,2,3-4,4417.86753867703,163.0,6558077.0
25,2,5-6,3607.7924903408198,65.0,2436542.0
25,2,7+,3280.960138550258,14.0,539509.0
27,1,1-2,3759.3819178364897,2156.0,282354474.0
27,1,3-4,2898.106715762962,4784.0,621860024.0
27,1,5-6,2231.1044300280423,3438.0,424833067.0
27,1,7+,1798.7074924281615,1251.0,147821794.0
27,2,1-2,8570.765382745369,2605.0,296855501.0
27,2,3-4,5295.0052728014125,5307.0,603235074.0
27,2,5-6,3749.180181987977,2480.0,276914727.0
27,2,7+,2812.6250778316717,725.0,79208310.0
28,1,1-2,4123.247195890633,2361.0,366203887.0
28,1,3-4,3660.7264761955958,2728.0,407264453.0
28,1,5-6,2781.123074212019,1022.0,146648874.0
28,1,7+,2135.970034367848,195.0,26753646.0
28,2,1-2,6045.390763719879,1534.0,173354263.0
28,2,3-4,4662.707649450236,2010.0,215872340.0
28,2,5-6,3312.3213753966616,541.0,55447665.0
28,2,7+,2545.6311908861762,74.0,6887473.0
29,1,1-2,4630.996686888739,1260.0,183917357.0
29,1,3-4,3213.872175601899,2769.0,378896510.0
29,1,5-6,2475.4977927043906,2014.0,272885007.0
29,1,7+,1814.8372251184471,685.0,94358394.0
29,2,1-2,8841.954484490718,1891.0,239516841.0
29,2,3-4,5217.54470637058,2484.0,292349449.0
29,2,5-6,3525.7715892158294,1127.0,125071512.0
29,2,7+,2424.34163615442,303.0,31129677.0
30,1,1-2,4610.43622521748,52.0,1967852.0
30,1,3-4,4692.784145630521,180.0,6952108.0
30,1,5-6,3856.4533028836267,97.0,3419263.0
30,1,7+,2961.123848059134,31.0,1111890.0
30,2,1-2,7261.621755365085,105.0,5733041.0
30,2,3-4,6032.126619583311,184.0,11595275.0
30,2,5-6,4074.7145884293213,60.0,4321210.0
30,2,7+,3833.403410834679,11.0,737681.0
31,1,1-2,7069.850443031094,42.0,49056.0
31,1,3-4,4352.680446250848,64.0,77256.0
31,1,5-6,2957.6801141569044,71.0,87443.0
31,1,7+,2278.2889461542636,72.0,87922.0
31,2,1-2,8656.696590854599,74.0,215489.0
31,2,3-4,5128.913703382481,114.0,313616.0
31,2,5-6,3759.6245467586486,94.0,231205.0
31,2,7+,2656.4994719765446,74.0,174067.0
32,1,1-2,6606.9470480678765,1133.0,144336861.0
32,1,3-4,4930.249699298995,1661.0,209634780.0
32,1,5-6,3722.6587070202904,886.0,110310974.0
32,1,7+,3084.933863153732,203.0,24362012.0
32,2,1-2,7783.596588199641,1079.0,154490839.0
32,2,3-4,5506.471540048357,1535.0,217261776.0
32,2,5-6,3802.3668333289097,738.0,99926119.0
32,2,7+,3109.9913482643988,165.0,20830383.0
33,1,1-2,4607.929991066148,2209.0,346097824.0
33,1,3-4,3571.1551657445943,3520.0,518090585.0
33,1,5-6,2798.8556508353613,1559.0,226843335.0
33,1,7+,2084.383823706835,196.0,26664278.0
33,2,1-2,6920.1298012161305,2526.0,401554729.0
33,2,3-4,4788.830322530459,3379.0,500037008.0
33,2,5-6,3399.1705102482647,992.0,150654732.0
33,2,7+,2723.8501762046253,111.0,16373887.0
34,1,1-2,6359.752647089842,71.0,2209313.0
34,1,3-4,4617.063044448134,197.0,5794374.0
34,1,5-6,3401.050960983865,81.0,2324591.0
34,1,7+,2867.2897938279434,10.0,296135.0
34,2,1-2,6954.475859085925,217.0,7567685.0
34,2,3-4,5940.647390117792,366.0,11889732.0
34,2,5-6,4280.960563485912,116.0,3884581.0
34,2,7+,4079.687022279482,19.0,722453.0
35,1,1-2,6404.771569449989,191.0,2342105.0
35,1,3-4,4893.3822960628695,315.0,3748974.0
35,1,5-6,3556.589737254493,103.0,1176432.0
35,1,7+,2923.100750012833,32.0,376252.0
35,2,1-2,9817.037245784604,90.0,1128423.0
35,2,3-4,6086.786586141381,206.0,2974635.0
35,2,5-6,4228.3614588596,50.0,741596.0
35,2,7+,4157.46146747518,13.0,208946.0
36,1,1-2,4633.715018252466,983.0,165325236.0
36,1,3-4,4009.3856915357965,1657.0,260967728.0
36,1,5-6,3247.9965236364737,799.0,123492698.0
36,1,7+,2625.5056224117884,132.0,19184151.0
36,2,1-2,8072.023440185502,1114.0,245411148.0
36,2,3-4,6090.481333024531,1447.0,205285912.0
36,2,5-6,4504.9943256677325,552.0,76785207.0
36,2,7+,3780.7717658330516,102.0,13271323.0
37,1,1-2,3712.4703540345345,10.0,124244.0
37,1,3-4,3449.708136641881,104.0,1366212.0
37,1,5-6,2844.2902639698455,162.0,1971391.0
37,1,7+,2478.249886654209,84.0,890094.0
37,2,1-2,5698.266515620795,68.0,165954.0
37,2,3-4,3997.8125401229854,153.0,398947.0
37,2,5-6,3129.278485603641,97.0,284910.0
37,2,7+,2301.996355528475,42.0,123835.0
