month,date,bank_rate,repo_rate,reverse_repo_rate,sdf_rate,msf_rate,crr,slr
2013-01-01,2013-01-29,8.75,7.75,6.75,,8.75,,
2013-02-01,2013-02-09,8.75,7.75,6.75,,8.75,4.0,
2013-03-01,2013-03-19,8.5,7.5,6.5,,8.5,4.0,
2013-04-01,,8.5,7.5,6.5,,8.5,4.0,
2013-05-01,2013-05-03,8.25,7.25,6.25,,8.25,4.0,
2013-06-01,,8.25,7.25,6.25,,8.25,4.0,
2013-07-01,2013-07-15,10.25,7.25,6.25,,10.25,4.0,
2013-08-01,,10.25,7.25,6.25,,10.25,4.0,
2013-09-01,2013-09-20,9.5,7.5,6.5,,9.5,4.0,
2013-10-01,2013-10-29,8.75,7.75,6.75,,8.75,4.0,
2013-11-01,,8.75,7.75,6.75,,8.75,4.0,
2013-12-01,,8.75,7.75,6.75,,8.75,4.0,
2014-01-01,2014-01-28,9.0,8.0,7.0,,9.0,4.0,
2014-02-01,,9.0,8.0,7.0,,9.0,4.0,
2014-03-01,,9.0,8.0,7.0,,9.0,4.0,
2014-04-01,,9.0,8.0,7.0,,9.0,4.0,
2014-05-01,,9.0,8.0,7.0,,9.0,4.0,
2014-06-01,2014-06-14,9.0,8.0,7.0,,9.0,4.0,22.5
2014-07-01,,9.0,8.0,7.0,,9.0,4.0,22.5
2014-08-01,2014-08-09,9.0,8.0,7.0,,9.0,4.0,22.0
2014-09-01,,9.0,8.0,7.0,,9.0,4.0,22.0
2014-10-01,,9.0,8.0,7.0,,9.0,4.0,22.0
2014-11-01,,9.0,8.0,7.0,,9.0,4.0,22.0
2014-12-01,,9.0,8.0,7.0,,9.0,4.0,22.0
2015-01-01,2015-01-15,8.75,7.75,6.75,,8.75,4.0,22.0
2015-02-01,2015-02-07,8.75,7.75,6.75,,8.75,4.0,21.5
2015-03-01,2015-03-04,8.5,7.5,6.5,,8.5,4.0,21.5
2015-04-01,,8.5,7.5,6.5,,8.5,4.0,21.5
2015-05-01,,8.5,7.5,6.5,,8.5,4.0,21.5
2015-06-01,2015-06-02,8.25,7.25,6.25,,8.25,4.0,21.5
2015-07-01,,8.25,7.25,6.25,,8.25,4.0,21.5
2015-08-01,,8.25,7.25,6.25,,8.25,4.0,21.5
2015-09-01,2015-09-29,7.75,6.75,5.75,,7.75,4.0,21.5
2015-10-01,,7.75,6.75,5.75,,7.75,4.0,21.5
2015-11-01,,7.75,6.75,5.75,,7.75,4.0,21.5
2015-12-01,,7.75,6.75,5.75,,7.75,4.0,21.5
2016-01-01,,7.75,6.75,5.75,,7.75,4.0,21.5
2016-02-01,,7.75,6.75,5.75,,7.75,4.0,21.5
2016-03-01,,7.75,6.75,5.75,,7.75,4.0,21.5
2016-04-01,2016-04-05,7.0,6.5,6.0,,7.0,4.0,21.5
2016-05-01,,7.0,6.5,6.0,,7.0,4.0,21.5
2016-06-01,,7.0,6.5,6.0,,7.0,4.0,21.5
2016-07-01,2016-07-09,7.0,6.5,6.0,,7.0,4.0,21.0
2016-08-01,,7.0,6.5,6.0,,7.0,4.0,21.0
2016-09-01,,7.0,6.5,6.0,,7.0,4.0,21.0
2016-10-01,2016-10-04,6.75,6.25,5.75,,6.75,4.0,21.0
2016-11-01,,6.75,6.25,5.75,,6.75,4.0,21.0
2016-12-01,,6.75,6.25,5.75,,6.75,4.0,21.0
2017-01-01,2017-01-07,6.75,6.25,5.75,,6.75,4.0,20.5
2017-02-01,,6.75,6.25,5.75,,6.75,4.0,20.5
2017-03-01,,6.75,6.25,5.75,,6.75,4.0,20.5
2017-04-01,2017-04-06,6.5,6.25,6.0,,6.5,4.0,20.5
2017-05-01,,6.5,6.25,6.0,,6.5,4.0,20.5
2017-06-01,2017-06-24,6.5,6.25,6.0,,6.5,4.0,20.0
2017-07-01,,6.5,6.25,6.0,,6.5,4.0,20.0
2017-08-01,2017-08-02,6.25,6.0,5.75,,6.25,4.0,20.0
2017-09-01,,6.25,6.0,5.75,,6.25,4.0,20.0
2017-10-01,2017-10-14,6.25,6.0,5.75,,6.25,4.0,19.5
2017-11-01,,6.25,6.0,5.75,,6.25,4.0,19.5
2017-12-01,,6.25,6.0,5.75,,6.25,4.0,19.5
2018-01-01,,6.25,6.0,5.75,,6.25,4.0,19.5
2018-02-01,,6.25,6.0,5.75,,6.25,4.0,19.5
2018-03-01,,6.25,6.0,5.75,,6.25,4.0,19.5
2018-04-01,,6.25,6.0,5.75,,6.25,4.0,19.5
2018-05-01,,6.25,6.0,5.75,,6.25,4.0,19.5
2018-06-01,2018-06-06,6.5,6.25,6.0,,6.5,4.0,19.5
2018-07-01,,6.5,6.25,6.0,,6.5,4.0,19.5
2018-08-01,2018-08-01,6.75,6.5,6.25,,6.75,4.0,19.5
2018-09-01,,6.75,6.5,6.25,,6.75,4.0,19.5
2018-10-01,,6.75,6.5,6.25,,6.75,4.0,19.5
2018-11-01,,6.75,6.5,6.25,,6.75,4.0,19.5
2018-12-01,,6.75,6.5,6.25,,6.75,4.0,19.5
2019-01-01,2019-01-05,6.75,6.5,6.25,,6.75,4.0,19.25
2019-02-01,2019-02-07,6.5,6.25,6.0,,6.5,4.0,19.25
2019-03-01,,6.5,6.25,6.0,,6.5,4.0,19.25
2019-04-01,2019-04-13,6.5,6.25,6.0,,6.5,4.0,19.0
2019-05-01,,6.5,6.25,6.0,,6.5,4.0,19.0
2019-06-01,2019-06-06,6.0,5.75,5.5,,6.0,4.0,19.0
2019-07-01,2019-07-06,6.0,5.75,5.5,,6.0,4.0,18.75
2019-08-01,2019-08-07,5.65,5.4,5.15,,5.65,4.0,18.75
2019-09-01,,5.65,5.4,5.15,,5.65,4.0,18.75
2019-10-01,2019-10-12,5.65,5.4,5.15,,5.65,4.0,18.5
2019-11-01,,5.65,5.4,5.15,,5.65,4.0,18.5
2019-12-01,,5.65,5.4,5.15,,5.65,4.0,18.5
2020-01-01,2020-01-04,5.65,5.4,5.15,,5.65,4.0,18.25
2020-02-01,,5.65,5.4,5.15,,5.65,4.0,18.25
2020-03-01,2020-03-28,5.65,5.4,5.15,,5.65,3.0,18.25
2020-04-01,2020-04-17,5.65,4.4,3.75,,5.65,3.0,18.25
2020-05-01,2020-05-22,4.25,4.0,3.35,,4.25,3.0,18.25
2020-06-01,,4.25,4.0,3.35,,4.25,3.0,18.25
2020-07-01,,4.25,4.0,3.35,,4.25,3.0,18.25
2020-08-01,,4.25,4.0,3.35,,4.25,3.0,18.25
2020-09-01,,4.25,4.0,3.35,,4.25,3.0,18.25
2020-10-01,,4.25,4.0,3.35,,4.25,3.0,18.25
2020-11-01,,4.25,4.0,3.35,,4.25,3.0,18.25
2020-12-01,,4.25,4.0,3.35,,4.25,3.0,18.25
2021-01-01,,4.25,4.0,3.35,,4.25,3.0,18.25
2021-02-01,,4.25,4.0,3.35,,4.25,3.0,18.25
2021-03-01,2021-03-27,4.25,4.0,3.35,,4.25,3.5,18.25
2021-04-01,,4.25,4.0,3.35,,4.25,3.5,18.25
2021-05-01,2021-05-22,4.25,4.0,3.35,,4.25,4.0,18.25
2021-06-01,,4.25,4.0,3.35,,4.25,4.0,18.25
2021-07-01,,4.25,4.0,3.35,,4.25,4.0,18.25
2021-08-01,,4.25,4.0,3.35,,4.25,4.0,18.25
2021-09-01,,4.25,4.0,3.35,,4.25,4.0,18.25
2021-10-01,,4.25,4.0,3.35,,4.25,4.0,18.25
2021-11-01,,4.25,4.0,3.35,,4.25,4.0,18.25
2021-12-01,,4.25,4.0,3.35,,4.25,4.0,18.25
2022-01-01,,4.25,4.0,3.35,,4.25,4.0,18.25
2022-02-01,,4.25,4.0,3.35,,4.25,4.0,18.25
2022-03-01,,4.25,4.0,3.35,,4.25,4.0,18.25
2022-04-01,2022-04-08,4.25,4.0,3.35,3.75,4.25,4.0,18.25
2022-05-01,2022-05-21,4.25,4.0,3.35,3.75,4.25,4.5,18.25
2022-06-01,2022-06-08,5.15,4.9,3.35,4.65,5.15,4.5,18.25
2022-07-01,,5.15,4.9,3.35,4.65,5.15,4.5,18.25
2022-08-01,2022-08-05,5.65,5.4,3.35,5.15,5.65,4.5,18.25
2022-09-01,2022-09-30,6.15,5.9,3.35,5.65,6.15,4.5,18.25
2022-10-01,,6.15,5.9,3.35,5.65,6.15,4.5,18.25
2022-11-01,,6.15,5.9,3.35,5.65,6.15,4.5,18.25
2022-12-01,2022-12-07,6.5,6.25,3.35,6.0,6.5,4.5,18.25
2023-01-01,,6.5,6.25,3.35,6.0,6.5,4.5,18.25
2023-02-01,2023-02-08,6.75,6.5,3.35,6.25,6.75,4.5,18.25
2023-03-01,,6.75,6.5,3.35,6.25,6.75,4.5,18.25
2023-04-01,,6.75,6.5,3.35,6.25,6.75,4.5,18.25
2023-05-01,,6.75,6.5,3.35,6.25,6.75,4.5,18.25
2023-06-01,,6.75,6.5,3.35,6.25,6.75,4.5,18.25
2023-07-01,,6.75,6.5,3.35,6.25,6.75,4.5,18.25
2023-08-01,,6.75,6.5,3.35,6.25,6.75,4.5,18.25
2023-09-01,,6.75,6.5,3.35,6.25,6.75,4.5,18.25
2023-10-01,,6.75,6.5,3.35,6.25,6.75,4.5,18.25
2023-11-01,,6.75,6.5,3.35,6.25,6.75,4.5,18.25
2023-12-01,,6.75,6.5,3.35,6.25,6.75,4.5,18.25
2024-01-01,,6.75,6.5,3.35,6.25,6.75,4.5,18.25
2024-02-01,,6.75,6.5,3.35,6.25,6.75,4.5,18.25
2024-03-01,,6.75,6.5,3.35,6.25,6.75,4.5,18.25
2024-04-01,,6.75,6.5,3.35,6.25,6.75,4.5,18.25
2024-05-01,,6.75,6.5,3.35,6.25,6.75,4.5,18.25
2024-06-01,,6.75,6.5,3.35,6.25,6.75,4.5,18.25
2024-07-01,,6.75,6.5,3.35,6.25,6.75,4.5,18.25
2024-08-01,,6.75,6.5,3.35,6.25,6.75,4.5,18.25
2024-09-01,,6.75,6.5,3.35,6.25,6.75,4.5,18.25
2024-10-01,,6.75,6.5,3.35,6.25,6.75,4.5,18.25
2024-11-01,,6.75,6.5,3.35,6.25,6.75,4.5,18.25
2024-12-01,2024-12-28,6.75,6.5,3.35,6.25,6.75,4.0,18.25
2025-01-01,,6.75,6.5,3.35,6.25,6.75,4.0,18.25
2025-02-01,2025-02-07,6.5,6.25,3.35,6.0,6.5,4.0,18.25
2025-03-01,,6.5,6.25,3.35,6.0,6.5,4.0,18.25
2025-04-01,2025-04-09,6.25,6.0,3.35,5.75,6.25,4.0,18.25
2025-05-01,,6.25,6.0,3.35,5.75,6.25,4.0,18.25
2025-06-01,2025-06-06,5.75,5.5,3.35,5.25,5.75,4.0,18.25
2025-07-01,,5.75,5.5,3.35,5.25,5.75,4.0,18.25
2025-08-01,,5.75,5.5,3.35,5.25,5.75,4.0,18.25
2025-09-01,2025-09-06,5.75,5.5,3.35,5.25,5.75,3.75,18.25
2025-10-01,2025-10-04,5.75,5.5,3.35,5.25,5.75,3.5,18.25
2025-11-01,2025-11-29,5.75,5.5,3.35,5.25,5.75,3.0,18.25
2025-12-01,2025-12-05,5.5,5.25,3.35,5.0,5.5,3.0,18.25
