date,bank_rate,repo_rate,reverse_repo_rate,sdf_rate,msf_rate,crr,slr
1935-07-05,3.5,,,,,,
1935-11-28,3.0,,,,,,
1949-03-16,,,,,,,20.0
1951-11-15,3.5,,,,,,
1957-05-16,4.0,,,,,,
1960-03-06,,,,,,,
1960-05-06,,,,,,,
1960-11-11,,,,,,,
1962-09-16,,,,,,,
1963-01-03,4.5,,,,,,
1964-09-16,,,,,,,25.0
1964-09-26,5.0,,,,,,
1965-02-17,6.0,,,,,,
1968-03-02,5.0,,,,,,
1970-02-05,,,,,,,26.0
1970-04-24,,,,,,,27.0
1970-08-28,,,,,,,28.0
1971-01-09,6.0,,,,,,
1972-08-04,,,,,,,29.0
1972-11-17,,,,,,,30.0
1973-05-31,7.0,,,,,,
1973-06-29,,,,,,5.0,
1973-09-08,,,,,,6.0,
1973-09-22,,,,,,7.0,
1973-12-08,,,,,,,32.0
1974-07-01,,,,,,5.0,33.0
1974-07-23,9.0,,,,,,
1974-12-14,,,,,,4.5,
1974-12-28,,,,,,4.0,
1976-09-04,,,,,,5.0,
1976-11-13,,,,,,6.0,
1978-12-01,,,,,,,34.0
1981-07-12,10.0,,,,,,
1981-07-31,,,,,,6.5,
1981-08-21,,,,,,7.0,
1981-09-25,,,,,,,34.5
1981-10-30,,,,,,,35.0
1981-11-27,,,,,,7.25,
1981-12-25,,,,,,7.5,
1982-01-29,,,,,,7.75,
1982-04-09,,,,,,7.25,
1982-06-11,,,,,,7.0,
1983-05-27,,,,,,7.5,
1983-07-29,,,,,,8.0,
1983-08-27,,,,,,8.5,
1984-02-04,,,,,,9.0,
1984-07-28,,,,,,,35.5
1984-09-01,,,,,,,36.0
1985-06-08,,,,,,,36.5
1985-07-06,,,,,,,37.0
1987-02-28,,,,,,9.5,
1987-04-25,,,,,,,37.5
1987-10-24,,,,,,10.0,
1988-01-02,,,,,,,38.0
1988-07-02,,,,,,10.5,
1988-07-30,,,,,,11.0,
1989-07-01,,,,,,15.0,
1990-09-22,,,,,,,38.5
1991-07-04,11.0,,,,,,
1991-10-09,12.0,,,,,,
1993-01-09,,,,,,,38.25
1993-02-06,,,,,,,38.0
1993-03-06,,,,,,,37.75
1993-04-17,,,,,,14.5,
1993-05-15,,,,,,14.0,
1993-08-21,,,,,,,37.5
1993-09-18,,,,,,,37.25
1993-10-16,,,,,,,34.75
1994-06-11,,,,,,14.5,
1994-07-09,,,,,,14.75,
1994-08-06,,,,,,15.0,
1994-08-20,,,,,,,34.25
1994-09-17,,,,,,,33.75
1994-10-29,,,,,,,31.5
1995-11-11,,,,,,14.5,
1995-12-09,,,,,,14.0,
1996-04-27,,,,,,13.5,
1996-05-11,,,,,,13.0,
1996-07-06,,,,,,12.0,
1996-10-26,,,,,,11.5,
1996-11-09,,,,,,11.0,
1997-01-04,,,,,,10.5,
1997-01-18,,,,,,10.0,
1997-04-16,11.0,,,,,,
1997-06-26,10.0,,,,,,
1997-10-22,9.0,,,,,,
1997-10-25,,,,,,9.75,25.0
1997-11-22,,,,,,9.5,
1997-12-06,,,,,,10.0,
1998-01-17,11.0,,,,,10.5,
1998-03-19,10.5,,,,,,
1998-03-28,,,,,,10.25,
1998-04-03,10.0,,,,,,
1998-04-11,,,,,,10.0,
1998-04-29,9.0,,,,,,
1998-08-29,,,,,,11.0,
1999-03-02,8.0,,,,,,
1999-03-13,,,,,,10.5,
1999-05-08,,,,,,10.0,
1999-11-06,,,,,,9.5,
1999-11-20,,,,,,9.0,
2000-04-02,7.0,,,,,,
2000-04-08,,,,,,8.5,
2000-04-22,,,,,,8.0,
2000-07-22,8.0,,,,,,
2000-07-29,,,,,,8.25,
2000-08-12,,,,,,8.5,
2001-02-17,7.5,,,,,,
2001-02-24,,,,,,8.25,
2001-03-02,7.0,,,,,,
2001-03-10,,,,,,8.0,
2001-04-27,,9.0,6.75,,,,
2001-04-30,,8.75,,,,,
2001-05-19,,,,,,7.5,
2001-05-28,,,6.5,,,,
2001-06-07,,8.5,,,,,
2001-10-23,6.5,,,,,,
2001-11-03,,,,,,5.75,
2001-12-29,,,,,,5.5,
2002-03-05,,,6.0,,,,
2002-03-28,,8.0,,,,,
2002-06-01,,,,,,5.0,
2002-06-27,,,5.75,,,,
2002-10-29,6.25,,5.5,,,,
2002-11-12,,7.5,,,,,
2002-11-16,,,,,,4.75,
2003-03-03,,,5.0,,,,
2003-03-07,,7.1,,,,,
2003-03-19,,7.0,,,,,
2003-04-29,6.0,,,,,,
2003-06-14,,,,,,4.5,
2003-08-25,,,4.5,,,,
2004-03-31,,6.0,,,,,
2004-09-18,,,,,,4.75,
2004-10-02,,,,,,5.0,
2004-10-27,,,4.75,,,,
2005-04-29,,,5.0,,,,
2005-10-26,,6.25,5.25,,,,
2006-01-24,,6.5,5.5,,,,
2006-06-08,,6.75,5.75,,,,
2006-07-25,,7.0,6.0,,,,
2006-10-31,,7.25,,,,,
2006-12-23,,,,,,5.25,
2007-01-06,,,,,,5.5,
2007-01-31,,7.5,,,,,
2007-02-17,,,,,,5.75,
2007-03-03,,,,,,6.0,
2007-03-31,,7.75,,,,,
2007-04-14,,,,,,6.25,
2007-04-28,,,,,,6.5,
2007-08-04,,,,,,7.0,
2007-11-10,,,,,,7.5,
2008-04-26,,,,,,7.75,
2008-05-10,,,,,,8.0,
2008-05-24,,,,,,8.25,
2008-06-12,,8.0,,,,,
2008-06-25,,8.5,,,,,
2008-07-05,,,,,,8.5,
2008-07-19,,,,,,8.75,
2008-07-30,,9.0,,,,,
2008-08-30,,,,,,9.0,
2008-10-11,,,,,,6.5,
2008-10-20,,8.0,,,,,
2008-10-25,,,,,,6.0,
2008-11-03,,7.5,,,,,
2008-11-08,,,,,,5.5,24.0
2008-12-08,,6.5,5.0,,,,
2009-01-05,,5.5,4.0,,,,
2009-01-17,,,,,,5.0,
2009-03-05,,5.0,3.5,,,,
2009-04-21,,4.75,3.25,,,,
2009-11-07,,,,,,,25.0
2010-02-13,,,,,,5.5,
2010-02-27,,,,,,5.75,
2010-03-19,,5.0,3.5,,,,
2010-04-20,,5.25,3.75,,,,
2010-04-24,,,,,,6.0,
2010-07-02,,5.5,4.0,,,,
2010-07-27,,5.75,4.5,,,,
2010-09-16,,6.0,5.0,,,,
2010-11-02,,6.25,5.25,,,,
2010-12-18,,,,,,,24.0
2011-01-25,,6.5,5.5,,,,
2011-03-17,,6.75,5.75,,,,
2011-05-03,,7.25,6.25,,8.25,,
2011-06-16,,7.5,6.5,,8.5,,
2011-07-26,,8.0,7.0,,9.0,,
2011-09-16,,8.25,7.25,,9.25,,
2011-10-25,,8.5,7.5,,9.5,,
2012-01-28,,,,,,5.5,
2012-02-13,9.5,,,,,,
2012-03-10,,,,,,4.75,
2012-04-17,9.0,8.0,7.0,,9.0,,
2012-08-11,,,,,,,23.0
2012-09-22,,,,,,4.5,
2012-11-03,,,,,,4.25,
2013-01-29,8.75,7.75,6.75,,8.75,,
2013-02-09,,,,,,4.0,
2013-03-19,8.5,7.5,6.5,,8.5,,
2013-05-03,8.25,7.25,6.25,,8.25,,
2013-07-15,10.25,,,,10.25,,
2013-09-20,9.5,7.5,6.5,,9.5,,
2013-10-07,9.0,,,,9.0,,
2013-10-29,8.75,7.75,6.75,,8.75,,
2014-01-28,9.0,8.0,7.0,,9.0,,
2014-06-14,,,,,,,22.5
2014-08-09,,,,,,,22.0
2015-01-15,8.75,7.75,6.75,,8.75,,
2015-02-07,,,,,,,21.5
2015-03-04,8.5,7.5,6.5,,8.5,,
2015-06-02,8.25,7.25,6.25,,8.25,,
2015-09-29,7.75,6.75,5.75,,7.75,,
2016-04-02,,,,,,,21.25
2016-04-05,7.0,6.5,6.0,,7.0,,
2016-07-09,,,,,,,21.0
2016-10-01,,,,,,,20.75
2016-10-04,6.75,6.25,5.75,,6.75,,
2017-01-07,,,,,,,20.5
2017-04-06,6.5,,6.0,,6.5,,
2017-06-24,,,,,,,20.0
2017-08-02,6.25,6.0,5.75,,6.25,,
2017-10-14,,,,,,,19.5
2018-06-06,6.5,6.25,6.0,,6.5,,
2018-08-01,6.75,6.5,6.25,,6.75,,
2019-01-05,,,,,,,19.25
2019-02-07,6.5,6.25,6.0,,6.5,,
2019-04-04,6.25,6.0,5.75,,6.25,,
2019-04-13,,,,,,,19.0
2019-06-06,6.0,5.75,5.5,,6.0,,
2019-07-06,,,,,,,18.75
2019-08-07,5.65,5.4,5.15,,5.65,,
2019-10-04,5.4,5.15,4.9,,5.4,,
2019-10-12,,,,,,,18.5
2020-01-04,,,,,,,18.25
2020-03-27,4.65,4.4,4.0,,4.65,,
2020-03-28,,,,,,3.0,
2020-04-11,,,,,,,18.0
2020-04-17,,4.4,3.75,,,,
2020-05-22,4.25,4.0,3.35,,4.25,,
2021-03-27,,,,,,3.5,
2021-05-22,,,,,,4.0,
2022-04-08,,,,3.75,,,
2022-05-04,4.65,4.4,,4.15,4.65,,
2022-05-21,,,,,,4.5,
2022-06-08,5.15,4.9,,4.65,5.15,,
2022-08-05,5.65,5.4,,5.15,5.65,,
2022-09-30,6.15,5.9,,5.65,6.15,,
2022-12-07,6.5,6.25,,6.0,6.5,,
2023-02-08,6.75,6.5,,6.25,6.75,,
2024-12-14,,,,,,4.25,
2024-12-28,,,,,,4.0,
2025-02-07,6.5,6.25,,6.0,6.5,,
2025-04-09,6.25,6.0,,5.75,6.25,,
2025-06-06,5.75,5.5,,5.25,5.75,,
2025-09-06,,,,,,3.75,
2025-10-04,,,,,,3.5,
2025-11-01,,,,,,3.25,
2025-11-29,,,,,,3.0,
2025-12-05,5.5,5.25,,5.0,5.5,,
