test_id,condition,expected,actual_result,pass
TC01,Valid financial profile,"monthly_savings computed as post-expense, post-EMI surplus",no exception,True
TC02,Missing income (NaN),"savings_rate is NaN when income is NaN (safe_div propagates NaN, no crash)",no exception,True
TC03,Negative expense component,"engineer() does not itself reject negative inputs; range validity is enforced by validation.py at the dataset level, not here",no exception,True
TC04,Zero income,"safe_div returns NaN on zero denominator, not a ZeroDivisionError",no exception,True
TC05,Invalid family size,family_size not read by engineer(); checked in validation.py range_checks (dependents_le_family_size),no exception,True
TC06,Dependents > family size,"checked in validation.py range_checks, not engineer()",no exception,True
TC07,Invalid city,checked in integration.py unmatched_city count and validation.py valid_city_keys,no exception,True
TC08,Invalid/unparsable date,"goal_horizon_years is NaN when reference_month is NaT, not a crash",no exception,True
TC09,Invalid goal year (before reference year),negative goal_horizon_years correctly surfaces an invalid input rather than being silently clipped,no exception,True
TC10,Negative assets,net_worth arithmetic is correct even with an invalid negative asset value; validation.py's assets_nonneg check is what should catch this at the dataset level,no exception,True
TC11,Negative liabilities,"liabilities_nonneg is checked in validation.py, not engineer()",no exception,True
TC12,Duplicate user ID,"unique_user_ids is checked at the dataset level in user_generation.py and validation.py, not per-row here",no exception,True
TC13,Invalid merge key (not applicable to engineer),"merge-key validity is checked in integration.py's validate='many_to_one' merges, not in feature engineering",no exception,True
TC14,Missing CPI context (cpi_month is NaT),"engineer() does not read cpi_month at all, so a missing CPI join has no effect on the engineered features (confirms no silent CPI-derived leakage into features)",no exception,True
TC15,Missing HCES benchmark,HCES is not joined per-user in this submission (see integration_log.md); no HCES field is read by engineer(),no exception,True
TC16,"Division by zero (income=0, tested again with liabilities>assets)",safe_div avoids ZeroDivisionError; net_worth correctly goes negative,no exception,True
TC17,Negative savings (expenses > income),"monthly_savings correctly reflects post-expense, post-EMI cash flow",no exception,True
TC18,Extreme EMI (EMI > income),disposable_income correctly goes deeply negative; not clipped or hidden,no exception,True
TC19,Invalid categorical value passthrough,"engineer() performs no categorical validation; categorical validity (financial_goal, risk_tolerance) is a generation-time check in user_generation.py",no exception,True
TC20,Zero-horizon goal (goal_year == reference year),future_goal_cost correctly reduces to goal_amount with (1+r)^0 = 1 at zero horizon,no exception,True
